frame_id,time_s,track_id,team,role,x,y
4,0.48,5,-1,player,68.67,35.93
4,0.48,2,-1,player,62.93,57.42
4,0.48,6,-1,player,65.54,34.02
4,0.48,3,-1,player,71.93,29.62
4,0.48,4,-1,player,45.63,63.62
4,0.48,11,-1,player,71.31,44.68
4,0.48,14,-1,player,62.73,35.13
4,0.48,7,-1,player,54.58,27.95
4,0.48,12,-1,player,45.49,55.4
4,0.48,13,-1,player,61.95,34.91
4,0.48,9,-1,player,44.52,29.7
4,0.48,17,-1,player,53.38,34.41
4,0.48,15,-1,player,46.43,44.21
4,0.48,8,-1,player,46.28,41.12
4,0.48,1,-1,referee,72.83,67.95
4,0.48,10,-1,referee,60.73,43.22
4,0.48,16,-1,referee,43.05,-0.09
5,0.6,2,-1,player,63.04,57.83
5,0.6,4,-1,player,45.73,63.88
5,0.6,11,-1,player,71.06,45.0
5,0.6,5,-1,player,68.6,37.16
5,0.6,14,-1,player,62.66,35.71
5,0.6,3,-1,player,71.83,29.75
5,0.6,7,-1,player,54.41,27.96
5,0.6,12,-1,player,45.56,55.61
5,0.6,18,-1,player,70.69,27.61
5,0.6,13,-1,player,61.83,34.88
5,0.6,15,-1,player,46.38,44.52
5,0.6,9,-1,player,44.63,29.81
5,0.6,6,-1,player,65.77,34.64
5,0.6,8,-1,player,46.03,40.99
5,0.6,17,-1,player,53.31,34.99
5,0.6,1,-1,referee,72.8,67.79
5,0.6,10,-1,referee,60.62,43.07
5,0.6,16,-1,referee,43.08,-0.51
6,0.72,4,-1,player,45.87,64.07
6,0.72,7,-1,player,54.26,27.68
6,0.72,13,-1,player,61.7,35.78
6,0.72,2,-1,player,63.12,57.87
6,0.72,5,-1,player,68.73,35.81
6,0.72,14,-1,player,62.67,35.8
6,0.72,3,-1,player,71.82,29.67
6,0.72,11,-1,player,70.9,45.77
6,0.72,6,-1,player,66.1,34.81
6,0.72,12,-1,player,45.73,55.76
6,0.72,18,-1,player,70.61,27.91
6,0.72,15,-1,player,46.34,44.84
6,0.72,9,-1,player,44.73,30.05
6,0.72,19,-1,player,46.65,22.94
6,0.72,17,-1,player,53.35,35.34
6,0.72,8,-1,player,45.91,40.91
6,0.72,1,-1,referee,72.78,67.82
6,0.72,10,-1,referee,60.54,43.12
6,0.72,16,-1,referee,43.22,-1.03
7,0.84,2,-1,player,63.22,57.9
7,0.84,4,-1,player,46.13,64.19
7,0.84,5,-1,player,68.81,35.87
7,0.84,14,-1,player,62.59,36.64
7,0.84,3,-1,player,71.8,29.73
7,0.84,12,-1,player,45.98,56.28
7,0.84,6,-1,player,66.29,35.72
7,0.84,11,-1,player,70.75,45.82
7,0.84,13,-1,player,61.52,36.34
7,0.84,7,-1,player,54.1,27.6
7,0.84,18,-1,player,70.55,28.03
7,0.84,9,-1,player,44.84,30.42
7,0.84,19,-1,player,46.44,22.57
7,0.84,15,-1,player,46.35,45.36
7,0.84,17,-1,player,53.37,35.56
7,0.84,8,-1,player,45.76,40.94
7,0.84,1,-1,referee,72.75,67.86
7,0.84,10,-1,referee,60.4,42.82
7,0.84,16,-1,referee,43.26,-1.47
8,0.96,2,-1,player,63.31,58.2
8,0.96,4,-1,player,46.34,64.28
8,0.96,14,-1,player,62.5,37.53
8,0.96,5,-1,player,68.82,35.99
8,0.96,3,-1,player,71.83,29.85
8,0.96,13,-1,player,61.37,36.36
8,0.96,18,-1,player,70.48,28.14
8,0.96,21,-1,player,46.11,40.01
8,0.96,11,-1,player,70.46,46.53
8,0.96,9,-1,player,44.87,30.42
8,0.96,6,-1,player,66.48,36.03
8,0.96,12,-1,player,46.1,56.44
8,0.96,19,-1,player,46.31,22.54
8,0.96,7,-1,player,53.83,27.46
8,0.96,15,-1,player,46.3,45.62
8,0.96,22,-1,player,52.55,33.09
8,0.96,8,-1,player,45.58,41.06
8,0.96,17,-1,player,53.36,35.51
8,0.96,1,-1,referee,72.72,67.87
8,0.96,10,-1,referee,60.22,42.36
8,0.96,16,-1,referee,43.61,-0.22
9,1.08,2,-1,player,63.41,58.67
9,1.08,4,-1,player,46.59,64.4
9,1.08,14,-1,player,62.45,37.56
9,1.08,5,-1,player,68.88,35.96
9,1.08,3,-1,player,71.84,30.14
9,1.08,18,-1,player,70.43,28.02
9,1.08,6,-1,player,66.66,36.38
9,1.08,21,-1,player,46.15,40.2
9,1.08,9,-1,player,44.94,30.7
9,1.08,7,-1,player,53.67,27.58
9,1.08,13,-1,player,61.23,37.19
9,1.08,11,-1,player,70.25,47.08
9,1.08,12,-1,player,46.19,56.41
9,1.08,19,-1,player,46.21,22.43
9,1.08,8,-1,player,45.3,40.85
9,1.08,22,-1,player,52.38,32.86
9,1.08,17,-1,player,53.44,35.81
9,1.08,15,-1,player,46.3,45.87
9,1.08,1,-1,referee,72.72,67.78
9,1.08,10,-1,referee,60.1,42.38
9,1.08,16,-1,referee,43.63,-0.21
10,1.2,3,-1,player,71.88,30.28
10,1.2,2,-1,player,63.45,58.91
10,1.2,9,-1,player,45.02,30.94
10,1.2,4,-1,player,46.8,64.35
10,1.2,18,-1,player,70.4,28.2
10,1.2,7,-1,player,53.66,27.68
10,1.2,14,-1,player,62.43,38.25
10,1.2,21,-1,player,46.21,40.42
10,1.2,5,-1,player,68.88,36.0
10,1.2,11,-1,player,70.11,47.16
10,1.2,13,-1,player,60.99,37.7
10,1.2,6,-1,player,66.75,37.18
10,1.2,12,-1,player,46.52,57.03
10,1.2,22,-1,player,52.27,32.85
10,1.2,17,-1,player,53.55,36.16
10,1.2,19,-1,player,46.09,22.38
10,1.2,8,-1,player,45.29,41.29
10,1.2,15,-1,player,46.3,46.26
10,1.2,1,-1,referee,72.68,67.92
10,1.2,10,-1,referee,60.03,42.34
10,1.2,16,-1,referee,43.62,-0.69
11,1.32,2,-1,player,63.46,59.16
11,1.32,9,-1,player,45.1,31.07
11,1.32,7,-1,player,53.67,27.74
11,1.32,14,-1,player,62.46,38.65
11,1.32,6,-1,player,66.86,37.27
11,1.32,13,-1,player,60.88,37.78
11,1.32,22,-1,player,52.21,33.08
11,1.32,3,-1,player,71.92,30.49
11,1.32,5,-1,player,68.89,35.99
11,1.32,18,-1,player,70.4,28.26
11,1.32,21,-1,player,46.15,40.62
11,1.32,19,-1,player,45.98,22.18
11,1.32,17,-1,player,53.59,36.27
11,1.32,11,-1,player,70.09,47.14
11,1.32,12,-1,player,46.75,57.26
11,1.32,8,-1,player,45.28,41.44
11,1.32,15,-1,player,46.24,46.63
11,1.32,1,-1,referee,72.7,67.84
11,1.32,10,-1,referee,60.0,42.35
11,1.32,16,-1,referee,43.8,-1.03
12,1.44,2,1,player,63.57,59.41
12,1.44,13,0,player,60.75,38.69
12,1.44,22,1,player,52.17,32.93
12,1.44,3,1,player,72.03,30.48
12,1.44,11,1,player,70.08,47.15
12,1.44,14,1,player,62.49,38.71
12,1.44,21,0,player,46.23,40.89
12,1.44,7,0,player,53.59,27.76
12,1.44,18,0,player,70.43,28.44
12,1.44,8,1,player,45.15,41.13
12,1.44,12,0,player,46.95,57.2
12,1.44,6,0,player,67.0,38.31
12,1.44,5,1,player,68.95,36.12
12,1.44,9,0,player,45.25,31.37
12,1.44,19,0,player,46.13,22.41
12,1.44,15,0,player,46.26,46.78
12,1.44,17,0,player,53.61,36.48
12,1.44,4,1,player,47.33,64.24
12,1.44,23,1,player,42.36,23.84
12,1.44,1,-1,referee,72.67,67.99
12,1.44,10,-1,referee,59.81,42.11
12,1.44,16,-1,referee,44.03,-0.53
13,1.56,2,1,player,63.71,59.85
13,1.56,11,1,player,70.05,47.18
13,1.56,3,1,player,72.13,30.63
13,1.56,21,0,player,46.23,40.97
13,1.56,5,1,player,69.06,36.1
13,1.56,13,0,player,60.63,38.95
13,1.56,4,1,player,47.62,64.37
13,1.56,17,0,player,53.75,37.06
13,1.56,12,0,player,47.39,57.86
13,1.56,6,0,player,67.2,38.54
13,1.56,22,1,player,52.12,32.79
13,1.56,15,0,player,46.39,47.28
13,1.56,7,0,player,53.75,27.89
13,1.56,14,1,player,62.51,39.35
13,1.56,8,1,player,45.15,41.08
13,1.56,19,0,player,46.24,22.44
13,1.56,23,1,player,42.49,24.07
13,1.56,9,0,player,45.43,31.7
13,1.56,18,0,player,70.57,28.45
13,1.56,24,1,player,65.08,19.31
13,1.56,10,-1,referee,59.75,41.94
13,1.56,1,-1,referee,72.66,68.07
13,1.56,16,-1,referee,44.34,-0.33
14,1.68,2,1,player,63.81,59.91
14,1.68,9,0,player,45.64,31.69
14,1.68,11,1,player,70.16,47.48
14,1.68,3,1,player,72.31,30.77
14,1.68,15,0,player,46.44,47.53
14,1.68,17,0,player,53.86,36.97
14,1.68,5,1,player,69.18,36.23
14,1.68,21,0,player,46.41,41.23
14,1.68,7,0,player,53.91,27.91
14,1.68,24,1,player,64.95,19.18
14,1.68,19,0,player,46.33,22.37
14,1.68,14,1,player,62.61,40.1
14,1.68,4,1,player,47.85,64.28
14,1.68,23,1,player,42.72,24.35
14,1.68,22,1,player,52.2,32.78
14,1.68,6,0,player,67.38,38.79
14,1.68,8,1,player,45.18,40.98
14,1.68,12,0,player,47.74,58.08
14,1.68,18,0,player,70.74,28.64
14,1.68,13,0,player,60.58,39.76
14,1.68,10,-1,referee,59.79,42.15
14,1.68,1,-1,referee,72.74,67.98
14,1.68,16,-1,referee,44.36,-1.11
15,1.8,2,1,player,64.02,60.95
15,1.8,21,0,player,45.49,40.79
15,1.8,24,1,player,65.16,19.54
15,1.8,5,1,player,70.03,37.03
15,1.8,3,1,player,73.52,31.71
15,1.8,4,1,player,46.96,62.97
15,1.8,22,1,player,51.56,32.48
15,1.8,7,0,player,53.39,27.95
15,1.8,9,0,player,44.78,31.31
15,1.8,6,0,player,68.06,40.36
15,1.8,15,0,player,45.32,46.82
15,1.8,8,1,player,44.15,40.01
15,1.8,18,0,player,71.8,29.54
15,1.8,14,1,player,62.61,40.49
15,1.8,12,0,player,47.04,57.24
15,1.8,13,0,player,60.21,40.4
15,1.8,23,1,player,41.71,23.64
15,1.8,17,0,player,53.32,36.86
15,1.8,19,0,player,45.39,21.67
15,1.8,10,-1,referee,59.61,42.03
15,1.8,1,-1,referee,73.98,69.69
15,1.8,16,-1,referee,43.58,-1.01
16,1.92,2,1,player,64.14,61.16
16,1.92,9,0,player,45.09,31.65
16,1.92,14,1,player,62.68,40.87
16,1.92,22,1,player,51.75,32.4
16,1.92,21,0,player,45.55,40.99
16,1.92,8,1,player,44.27,39.85
16,1.92,5,1,player,70.21,37.08
16,1.92,17,0,player,53.55,37.37
16,1.92,19,0,player,45.72,22.12
16,1.92,3,1,player,73.75,31.8
16,1.92,6,0,player,68.24,40.95
16,1.92,23,1,player,42.17,24.45
16,1.92,4,1,player,47.18,62.6
16,1.92,12,0,player,47.55,57.91
16,1.92,7,0,player,53.54,27.94
16,1.92,15,0,player,45.45,47.24
16,1.92,24,1,player,65.12,19.54
16,1.92,18,0,player,72.04,29.68
16,1.92,13,0,player,60.19,40.24
16,1.92,1,-1,referee,74.01,69.58
16,1.92,10,-1,referee,59.62,42.05
16,1.92,16,-1,referee,43.88,-0.86
17,2.04,2,1,player,64.25,61.52
17,2.04,15,0,player,45.47,47.4
17,2.04,9,0,player,45.21,31.77
17,2.04,14,1,player,62.74,41.36
17,2.04,5,1,player,70.34,37.17
17,2.04,4,1,player,47.44,62.42
17,2.04,22,1,player,51.86,32.38
17,2.04,12,0,player,47.96,57.88
17,2.04,23,1,player,42.4,24.56
17,2.04,8,1,player,44.27,39.8
17,2.04,3,1,player,73.94,31.86
17,2.04,7,0,player,53.71,27.96
17,2.04,18,0,player,72.19,29.9
17,2.04,6,0,player,68.36,42.15
17,2.04,24,1,player,65.0,19.29
17,2.04,17,0,player,53.73,37.77
17,2.04,19,0,player,45.98,22.9
17,2.04,21,0,player,45.5,41.15
17,2.04,13,0,player,59.72,39.22
17,2.04,1,-1,referee,73.91,69.64
17,2.04,10,-1,referee,59.56,42.02
17,2.04,16,-1,referee,44.14,-0.77
18,2.16,25,1,player,71.28,49.45
18,2.16,2,1,player,64.33,62.04
18,2.16,15,0,player,45.58,47.68
18,2.16,12,0,player,48.39,58.31
18,2.16,4,1,player,47.53,62.05
18,2.16,24,1,player,64.98,19.22
18,2.16,3,1,player,74.07,32.26
18,2.16,5,1,player,70.45,37.43
18,2.16,22,1,player,51.96,32.62
18,2.16,23,1,player,42.63,24.54
18,2.16,6,0,player,68.54,42.48
18,2.16,8,1,player,44.37,39.87
18,2.16,18,0,player,72.34,29.91
18,2.16,17,0,player,53.82,37.69
18,2.16,7,0,player,53.9,28.06
18,2.16,9,0,player,45.23,31.94
18,2.16,14,1,player,62.79,41.34
18,2.16,19,0,player,45.99,22.72
18,2.16,21,0,player,45.57,41.31
18,2.16,10,-1,referee,59.56,42.09
18,2.16,1,-1,referee,73.92,69.72
18,2.16,16,-1,referee,44.37,-1.05
19,2.28,25,1,player,71.21,49.79
19,2.28,15,0,player,45.69,48.23
19,2.28,17,0,player,54.02,38.3
19,2.28,2,1,player,64.3,62.33
19,2.28,4,1,player,47.63,61.43
19,2.28,21,0,player,45.67,41.32
19,2.28,3,1,player,74.26,32.34
19,2.28,5,1,player,70.62,37.52
19,2.28,22,1,player,52.03,32.36
19,2.28,9,0,player,45.45,32.34
19,2.28,12,0,player,48.87,58.74
19,2.28,7,0,player,54.16,28.14
19,2.28,23,1,player,43.01,25.06
19,2.28,18,0,player,72.49,30.11
19,2.28,8,1,player,44.45,39.49
19,2.28,14,1,player,62.87,41.69
19,2.28,6,0,player,68.67,43.17
19,2.28,19,0,player,46.03,22.51
19,2.28,24,1,player,64.82,19.47
19,2.28,1,-1,referee,73.99,69.72
19,2.28,10,-1,referee,59.68,42.15
19,2.28,16,-1,referee,44.53,-1.15
20,2.4,25,1,player,71.2,50.92
20,2.4,2,1,player,64.22,62.81
20,2.4,22,1,player,52.23,32.64
20,2.4,3,1,player,74.43,32.55
20,2.4,4,1,player,47.89,61.27
20,2.4,5,1,player,70.79,37.82
20,2.4,6,0,player,68.82,44.28
20,2.4,14,1,player,63.0,42.16
20,2.4,15,0,player,45.65,48.27
20,2.4,24,1,player,64.83,19.1
20,2.4,21,0,player,45.8,41.46
20,2.4,18,0,player,72.67,30.31
20,2.4,17,0,player,54.23,38.69
20,2.4,12,0,player,49.23,58.73
20,2.4,23,1,player,43.36,25.11
20,2.4,8,1,player,44.56,39.17
20,2.4,19,0,player,46.3,23.06
20,2.4,9,0,player,45.54,32.41
20,2.4,7,0,player,54.33,28.07
20,2.4,1,-1,referee,74.1,69.8
20,2.4,10,-1,referee,59.59,42.08
20,2.4,16,-1,referee,44.83,-0.95
21,2.52,2,1,player,64.19,62.66
21,2.52,24,1,player,64.84,19.36
21,2.52,25,1,player,71.43,50.15
21,2.52,22,1,player,52.36,32.78
21,2.52,12,0,player,49.76,59.21
21,2.52,18,0,player,72.88,30.47
21,2.52,15,0,player,45.66,48.57
21,2.52,5,1,player,70.95,37.83
21,2.52,9,0,player,45.61,32.41
21,2.52,4,1,player,48.01,60.85
21,2.52,14,1,player,63.01,42.43
21,2.52,3,1,player,74.56,32.74
21,2.52,6,0,player,68.95,44.34
21,2.52,7,0,player,54.55,28.56
21,2.52,17,0,player,54.29,38.59
21,2.52,21,0,player,45.85,41.72
21,2.52,19,0,player,46.36,23.19
21,2.52,23,1,player,43.51,24.5
21,2.52,8,1,player,44.1,36.7
21,2.52,1,-1,referee,74.19,69.69
21,2.52,10,-1,referee,59.41,41.98
21,2.52,16,-1,referee,45.08,-0.99
22,2.64,2,1,player,64.02,62.9
22,2.64,12,0,player,50.12,59.73
22,2.64,25,1,player,71.54,50.25
22,2.64,15,0,player,45.71,48.91
22,2.64,9,0,player,45.67,32.53
22,2.64,4,1,player,48.15,60.52
22,2.64,5,1,player,71.05,37.95
22,2.64,14,1,player,62.96,42.41
22,2.64,22,1,player,52.35,32.92
22,2.64,7,0,player,54.69,28.6
22,2.64,19,0,player,46.5,23.35
22,2.64,3,1,player,74.67,32.75
22,2.64,18,0,player,73.05,30.59
22,2.64,6,0,player,68.97,45.46
22,2.64,24,1,player,64.7,19.74
22,2.64,17,0,player,54.39,39.03
22,2.64,8,1,player,43.99,35.81
22,2.64,21,0,player,45.68,41.8
22,2.64,23,1,player,43.66,24.32
22,2.64,1,-1,referee,74.15,69.73
22,2.64,10,-1,referee,59.35,42.06
22,2.64,16,-1,referee,45.22,-0.97
23,2.76,12,0,player,50.34,59.92
23,2.76,3,1,player,74.68,32.84
23,2.76,25,1,player,71.66,50.25
23,2.76,15,0,player,45.65,48.99
23,2.76,2,1,player,63.91,63.16
23,2.76,14,1,player,62.95,43.27
23,2.76,24,1,player,64.65,19.39
23,2.76,6,0,player,69.03,46.13
23,2.76,4,1,player,48.27,60.11
23,2.76,7,0,player,54.87,28.79
23,2.76,17,0,player,54.51,39.43
23,2.76,19,0,player,46.67,23.96
23,2.76,18,0,player,73.22,30.7
23,2.76,23,1,player,43.94,24.67
23,2.76,22,1,player,52.4,32.87
23,2.76,5,1,player,71.13,38.07
23,2.76,21,0,player,45.78,42.15
23,2.76,9,0,player,45.67,32.69
23,2.76,8,1,player,44.0,35.51
23,2.76,1,-1,referee,74.1,69.86
23,2.76,10,-1,referee,59.31,42.25
23,2.76,16,-1,referee,45.46,-1.11
24,2.88,25,1,player,71.86,50.46
24,2.88,12,0,player,50.68,60.79
24,2.88,3,1,player,74.83,32.93
24,2.88,22,1,player,52.43,33.06
24,2.88,15,0,player,45.83,49.62
24,2.88,6,0,player,69.08,46.13
24,2.88,2,1,player,63.59,63.56
24,2.88,17,0,player,54.57,39.51
24,2.88,19,0,player,46.55,23.78
24,2.88,5,1,player,71.26,38.05
24,2.88,24,1,player,64.61,19.28
24,2.88,4,1,player,48.45,59.95
24,2.88,7,0,player,55.0,29.0
24,2.88,14,1,player,62.94,43.35
24,2.88,18,0,player,73.36,31.01
24,2.88,8,1,player,44.99,38.88
24,2.88,23,1,player,44.47,26.24
24,2.88,9,0,player,45.57,32.84
24,2.88,21,0,player,45.6,42.34
24,2.88,1,-1,referee,74.04,70.1
24,2.88,10,-1,referee,59.11,42.26
24,2.88,16,-1,referee,45.61,-1.18
25,3.0,3,1,player,74.87,32.92
25,3.0,25,1,player,72.02,50.6
25,3.0,2,1,player,63.59,63.6
25,3.0,12,0,player,50.76,60.82
25,3.0,19,0,player,46.44,23.8
25,3.0,22,1,player,52.47,33.06
25,3.0,4,1,player,48.61,59.93
25,3.0,14,1,player,62.85,43.36
25,3.0,6,0,player,68.95,47.42
25,3.0,17,0,player,54.57,39.6
25,3.0,8,1,player,44.91,38.81
25,3.0,15,0,player,45.71,49.85
25,3.0,21,0,player,45.39,42.28
25,3.0,24,1,player,64.24,19.22
25,3.0,9,0,player,45.52,33.0
25,3.0,23,1,player,44.68,27.07
25,3.0,7,0,player,55.06,28.96
25,3.0,18,0,player,73.39,31.27
25,3.0,5,1,player,71.21,38.05
25,3.0,10,-1,referee,58.8,42.21
25,3.0,16,-1,referee,45.57,-1.23
25,3.0,1,-1,referee,74.03,70.15
26,3.12,2,1,player,63.72,63.63
26,3.12,12,0,player,50.88,61.13
26,3.12,25,1,player,72.1,50.84
26,3.12,8,1,player,44.65,38.59
26,3.12,15,0,player,45.75,50.43
26,3.12,14,1,player,62.75,43.91
26,3.12,24,1,player,64.1,19.01
26,3.12,6,0,player,68.81,47.78
26,3.12,3,1,player,74.75,32.86
26,3.12,22,1,player,52.27,32.99
26,3.12,17,0,player,54.56,39.99
26,3.12,21,0,player,45.15,42.47
26,3.12,4,1,player,48.64,59.74
26,3.12,23,1,player,44.8,27.58
26,3.12,19,0,player,46.44,24.2
26,3.12,7,0,player,55.02,29.11
26,3.12,5,1,player,71.14,38.09
26,3.12,18,0,player,73.38,31.32
26,3.12,9,0,player,45.37,33.23
26,3.12,10,-1,referee,58.57,42.14
26,3.12,16,-1,referee,45.52,-1.17
26,3.12,1,-1,referee,73.99,70.05
27,3.24,25,1,player,72.2,50.93
27,3.24,12,0,player,51.11,61.8
27,3.24,2,1,player,63.85,64.47
27,3.24,5,1,player,70.99,38.39
27,3.24,8,1,player,44.56,38.4
27,3.24,15,0,player,45.8,51.13
27,3.24,4,1,player,48.59,59.0
27,3.24,24,1,player,63.88,19.18
27,3.24,22,1,player,52.04,33.04
27,3.24,3,1,player,74.62,33.11
27,3.24,7,0,player,55.08,29.2
27,3.24,9,0,player,45.16,33.2
27,3.24,18,0,player,73.34,31.3
27,3.24,14,1,player,62.6,44.57
27,3.24,19,0,player,46.29,24.55
27,3.24,23,1,player,44.89,27.77
27,3.24,21,0,player,44.76,42.47
27,3.24,17,0,player,54.28,39.88
27,3.24,6,0,player,68.68,48.39
27,3.24,1,-1,referee,73.79,70.09
27,3.24,10,-1,referee,58.26,42.23
27,3.24,16,-1,referee,45.46,-1.05
28,3.36,22,1,player,52.09,33.19
28,3.36,12,0,player,51.04,61.73
28,3.36,25,1,player,72.25,51.33
28,3.36,9,0,player,45.24,33.35
28,3.36,2,1,player,64.0,64.36
28,3.36,14,1,player,62.41,44.2
28,3.36,3,1,player,74.43,33.13
28,3.36,15,0,player,45.8,51.09
28,3.36,21,0,player,44.59,42.57
28,3.36,18,0,player,73.25,31.49
28,3.36,19,0,player,46.27,24.39
28,3.36,5,1,player,70.9,38.61
28,3.36,8,1,player,44.53,38.35
28,3.36,4,1,player,48.72,58.72
28,3.36,7,0,player,55.07,29.14
28,3.36,23,1,player,45.1,28.01
28,3.36,6,0,player,68.57,48.85
28,3.36,24,1,player,63.52,19.36
28,3.36,17,0,player,54.15,39.64
28,3.36,1,-1,referee,73.76,69.65
28,3.36,10,-1,referee,57.86,42.09
28,3.36,16,-1,referee,45.45,-1.02
29,3.48,25,1,player,72.42,51.29
29,3.48,21,0,player,44.43,42.3
29,3.48,18,0,player,73.15,31.4
29,3.48,12,0,player,51.13,61.94
29,3.48,22,1,player,52.13,32.92
29,3.48,3,1,player,74.34,32.92
29,3.48,14,1,player,62.28,44.45
29,3.48,19,0,player,46.38,24.86
29,3.48,15,0,player,46.01,51.57
29,3.48,8,1,player,44.6,38.05
29,3.48,9,0,player,45.13,33.12
29,3.48,23,1,player,45.35,28.28
29,3.48,7,0,player,55.04,29.06
29,3.48,2,1,player,64.19,64.15
29,3.48,6,0,player,68.45,48.8
29,3.48,24,1,player,63.34,19.02
29,3.48,4,1,player,48.88,58.38
29,3.48,17,0,player,54.22,40.17
29,3.48,5,1,player,70.77,38.31
29,3.48,1,-1,referee,73.61,69.34
29,3.48,10,-1,referee,57.64,41.82
29,3.48,16,-1,referee,45.44,-1.37
30,3.6,25,1,player,70.64,51.88
30,3.6,4,1,player,47.45,60.1
30,3.6,2,1,player,62.79,65.0
30,3.6,8,1,player,41.69,40.35
30,3.6,12,0,player,49.82,63.68
30,3.6,6,0,player,66.17,50.71
30,3.6,9,0,player,41.73,35.34
30,3.6,23,1,player,41.87,30.61
30,3.6,15,0,player,44.19,54.45
30,3.6,7,0,player,51.87,30.83
30,3.6,18,0,player,70.45,32.11
30,3.6,14,1,player,59.84,46.32
30,3.6,3,1,player,71.65,33.46
30,3.6,22,1,player,48.9,34.66
30,3.6,19,0,player,42.51,26.5
30,3.6,21,0,player,41.48,44.58
30,3.6,5,1,player,68.16,39.29
30,3.6,24,1,player,59.59,19.59
30,3.6,17,0,player,51.41,42.12
30,3.6,1,-1,referee,71.97,69.51
30,3.6,10,-1,referee,54.87,43.52
30,3.6,16,-1,referee,39.93,-0.72
31,3.72,2,1,player,62.86,64.42
31,3.72,25,1,player,70.57,51.96
31,3.72,4,1,player,47.34,59.35
31,3.72,9,0,player,41.67,35.27
31,3.72,21,0,player,41.26,44.26
31,3.72,15,0,player,44.05,54.01
31,3.72,12,0,player,49.94,63.54
31,3.72,8,1,player,41.35,39.84
31,3.72,19,0,player,42.38,26.64
31,3.72,22,1,player,48.67,34.37
31,3.72,5,1,player,67.84,39.03
31,3.72,7,0,player,51.81,30.59
31,3.72,6,0,player,65.92,50.79
31,3.72,17,0,player,51.24,41.83
31,3.72,14,1,player,59.57,45.84
31,3.72,23,1,player,41.8,30.29
31,3.72,24,1,player,59.03,19.61
31,3.72,1,-1,referee,71.81,69.15
31,3.72,10,-1,referee,54.24,43.24
31,3.72,16,-1,referee,39.81,-0.86
32,3.84,25,1,player,70.5,51.83
32,3.84,4,1,player,47.19,58.71
32,3.84,22,1,player,48.44,33.86
32,3.84,2,1,player,62.93,64.15
32,3.84,17,0,player,51.0,41.57
32,3.84,5,1,player,67.6,38.65
32,3.84,21,0,player,40.97,44.0
32,3.84,24,1,player,58.63,18.77
32,3.84,15,0,player,44.12,54.28
32,3.84,8,1,player,41.09,39.45
32,3.84,18,0,player,70.92,32.68
32,3.84,19,0,player,42.1,25.91
32,3.84,12,0,player,50.09,63.58
32,3.84,9,0,player,41.39,35.09
32,3.84,14,1,player,59.34,46.06
32,3.84,23,1,player,41.9,30.77
32,3.84,7,0,player,51.67,30.3
32,3.84,10,-1,referee,53.84,42.6
32,3.84,1,-1,referee,71.6,68.81
32,3.84,16,-1,referee,39.4,-1.28
33,3.96,25,1,player,70.47,51.4
33,3.96,2,1,player,62.88,64.37
33,3.96,4,1,player,46.81,57.92
33,3.96,12,0,player,50.24,63.16
33,3.96,18,0,player,70.59,32.23
33,3.96,21,0,player,40.65,43.51
33,3.96,15,0,player,44.31,54.71
33,3.96,8,1,player,40.86,39.12
33,3.96,9,0,player,40.98,34.64
33,3.96,24,1,player,58.15,18.59
33,3.96,22,1,player,48.11,33.63
33,3.96,14,1,player,59.12,46.0
33,3.96,23,1,player,41.83,30.42
33,3.96,19,0,player,41.93,25.89
33,3.96,17,0,player,50.68,41.41
33,3.96,7,0,player,51.53,29.99
33,3.96,1,-1,referee,71.44,68.4
33,3.96,10,-1,referee,53.46,42.47
33,3.96,16,-1,referee,39.02,-2.08
34,4.08,12,0,player,50.37,63.05
34,4.08,25,1,player,70.41,51.26
34,4.08,4,1,player,46.59,57.42
34,4.08,18,0,player,70.4,31.69
34,4.08,2,1,player,62.88,64.23
34,4.08,15,0,player,44.11,54.2
34,4.08,9,0,player,40.7,34.19
34,4.08,14,1,player,58.79,45.61
34,4.08,22,1,player,47.59,33.04
34,4.08,21,0,player,40.31,43.22
34,4.08,17,0,player,50.3,40.83
34,4.08,8,1,player,40.4,38.6
34,4.08,23,1,player,41.69,30.08
34,4.08,24,1,player,57.57,18.14
34,4.08,19,0,player,41.6,25.13
34,4.08,7,0,player,51.33,29.51
34,4.08,1,-1,referee,71.28,68.06
34,4.08,16,-1,referee,38.81,-1.96
34,4.08,10,-1,referee,52.99,42.23
35,4.2,2,1,player,62.72,63.67
35,4.2,25,1,player,70.27,51.23
35,4.2,15,0,player,44.17,54.52
35,4.2,4,1,player,46.48,57.0
35,4.2,22,1,player,47.31,32.5
35,4.2,8,1,player,40.13,38.27
35,4.2,12,0,player,50.63,62.88
35,4.2,24,1,player,57.09,17.15
35,4.2,14,1,player,58.54,45.66
35,4.2,17,0,player,50.07,40.65
35,4.2,9,0,player,40.27,33.8
35,4.2,7,0,player,51.18,29.09
35,4.2,21,0,player,40.15,43.05
35,4.2,19,0,player,41.44,25.06
35,4.2,23,1,player,41.66,30.27
35,4.2,1,-1,referee,71.12,67.63
35,4.2,10,-1,referee,52.3,41.7
35,4.2,16,-1,referee,38.48,-2.7
36,4.32,2,1,player,62.36,63.05
36,4.32,4,1,player,46.34,56.75
36,4.32,15,0,player,43.87,54.23
36,4.32,8,1,player,39.77,37.86
36,4.32,25,1,player,70.05,50.83
36,4.32,9,0,player,39.81,33.56
36,4.32,14,1,player,58.26,45.72
36,4.32,23,1,player,41.48,30.29
36,4.32,22,1,player,47.04,32.54
36,4.32,21,0,player,40.03,42.82
36,4.32,12,0,player,50.84,62.4
36,4.32,19,0,player,41.32,25.4
36,4.32,7,0,player,50.88,28.79
36,4.32,17,0,player,49.69,40.39
36,4.32,24,1,player,56.45,17.38
36,4.32,1,-1,referee,70.86,67.2
36,4.32,10,-1,referee,51.85,40.9
36,4.32,16,-1,referee,38.04,-2.99
37,4.44,2,1,player,62.01,62.68
37,4.44,4,1,player,46.2,56.64
37,4.44,12,0,player,51.01,62.08
37,4.44,9,0,player,39.61,33.65
37,4.44,15,0,player,43.55,54.19
37,4.44,21,0,player,39.68,42.67
37,4.44,8,1,player,39.48,37.83
37,4.44,14,1,player,57.96,45.56
37,4.44,22,1,player,46.54,32.49
37,4.44,7,0,player,50.59,28.85
37,4.44,17,0,player,49.41,40.33
37,4.44,23,1,player,41.21,30.11
37,4.44,24,1,player,55.79,17.29
37,4.44,19,0,player,41.0,25.52
37,4.44,10,-1,referee,51.48,41.22
37,4.44,1,-1,referee,70.62,66.81
37,4.44,16,-1,referee,37.72,-2.5
38,4.56,2,1,player,61.71,62.41
38,4.56,12,0,player,51.37,61.9
38,4.56,15,0,player,43.44,54.47
38,4.56,4,1,player,46.02,56.75
38,4.56,24,1,player,55.35,17.27
38,4.56,17,0,player,49.18,40.35
38,4.56,23,1,player,41.24,30.88
38,4.56,21,0,player,39.56,42.7
38,4.56,22,1,player,46.24,32.19
38,4.56,8,1,player,39.09,38.06
38,4.56,19,0,player,40.76,25.46
38,4.56,14,1,player,57.75,45.91
38,4.56,7,0,player,50.47,29.18
38,4.56,9,0,player,39.19,33.79
38,4.56,1,-1,referee,70.46,66.73
38,4.56,10,-1,referee,50.96,41.22
38,4.56,16,-1,referee,37.39,-2.41
39,4.68,4,1,player,46.02,57.06
39,4.68,12,0,player,51.74,61.82
39,4.68,22,1,player,45.99,32.29
39,4.68,26,1,player,68.59,30.27
39,4.68,2,1,player,61.45,61.96
39,4.68,15,0,player,43.25,54.53
39,4.68,8,1,player,38.82,38.1
39,4.68,21,0,player,39.55,42.73
39,4.68,9,0,player,38.89,33.79
39,4.68,23,1,player,41.26,31.34
39,4.68,17,0,player,49.02,40.67
39,4.68,7,0,player,50.38,29.61
39,4.68,14,1,player,57.63,46.21
39,4.68,19,0,player,40.66,25.97
39,4.68,24,1,player,54.86,17.52
39,4.68,1,-1,referee,70.36,66.57
39,4.68,10,-1,referee,50.78,41.75
39,4.68,16,-1,referee,37.19,-1.9
40,4.8,27,1,player,69.37,50.67
40,4.8,21,0,player,39.18,42.75
40,4.8,2,1,player,61.28,62.01
40,4.8,9,0,player,38.56,33.76
40,4.8,12,0,player,52.02,61.73
40,4.8,14,1,player,57.47,46.21
40,4.8,8,1,player,38.57,38.0
40,4.8,15,0,player,43.24,55.11
40,4.8,17,0,player,48.63,40.61
40,4.8,26,1,player,68.5,30.14
40,4.8,4,1,player,45.87,57.02
40,4.8,24,1,player,54.47,17.11
40,4.8,7,0,player,50.24,29.57
40,4.8,28,0,player,52.31,48.69
40,4.8,22,1,player,45.52,32.14
40,4.8,23,1,player,41.04,31.04
40,4.8,29,0,player,67.61,30.3
40,4.8,19,0,player,40.41,25.99
40,4.8,1,-1,referee,70.36,66.55
40,4.8,10,-1,referee,50.53,41.88
40,4.8,16,-1,referee,36.62,-3.16
41,4.92,27,1,player,69.36,50.83
41,4.92,15,0,player,43.11,55.32
41,4.92,4,1,player,46.07,58.04
41,4.92,2,1,player,60.98,62.12
41,4.92,24,1,player,54.21,17.1
41,4.92,14,1,player,57.45,46.64
41,4.92,22,1,player,45.33,32.1
41,4.92,8,1,player,38.45,38.04
41,4.92,21,0,player,39.01,42.77
41,4.92,28,0,player,52.38,48.86
41,4.92,19,0,player,40.36,26.16
41,4.92,9,0,player,38.25,33.82
41,4.92,23,1,player,41.16,31.67
41,4.92,17,0,player,48.59,40.8
41,4.92,26,1,player,68.41,30.14
41,4.92,29,0,player,67.58,30.36
41,4.92,7,0,player,50.18,29.36
41,4.92,30,1,player,64.87,37.28
41,4.92,12,0,player,52.43,61.66
41,4.92,1,-1,referee,70.38,66.54
41,4.92,10,-1,referee,50.26,42.04
41,4.92,16,-1,referee,36.6,-2.43
42,5.04,12,0,player,52.93,61.76
42,5.04,27,1,player,69.4,51.05
42,5.04,22,1,player,45.31,32.43
42,5.04,4,1,player,46.02,58.37
42,5.04,15,0,player,43.25,55.84
42,5.04,21,0,player,39.01,42.75
42,5.04,30,1,player,64.81,37.57
42,5.04,14,1,player,57.51,47.1
42,5.04,7,0,player,50.22,29.43
42,5.04,8,1,player,38.52,38.03
42,5.04,28,0,player,52.63,49.48
42,5.04,2,1,player,60.54,62.2
42,5.04,26,1,player,68.42,30.1
42,5.04,19,0,player,40.27,26.01
42,5.04,17,0,player,48.56,41.02
42,5.04,9,0,player,37.95,33.81
42,5.04,23,1,player,41.23,32.14
42,5.04,29,0,player,67.61,30.58
42,5.04,24,1,player,53.84,17.22
42,5.04,1,-1,referee,70.45,66.58
42,5.04,10,-1,referee,49.97,41.99
42,5.04,16,-1,referee,36.68,-2.4
43,5.16,4,1,player,46.25,59.0
43,5.16,27,1,player,69.5,51.3
43,5.16,12,0,player,53.49,62.01
43,5.16,30,1,player,64.88,37.77
43,5.16,21,0,player,39.1,42.75
43,5.16,15,0,player,43.42,56.33
43,5.16,2,1,player,60.43,61.92
43,5.16,28,0,player,52.92,49.65
43,5.16,8,1,player,38.67,37.97
43,5.16,22,1,player,45.32,32.54
43,5.16,7,0,player,50.34,29.62
43,5.16,24,1,player,53.85,17.06
43,5.16,26,1,player,68.56,30.19
43,5.16,23,1,player,41.29,31.97
43,5.16,17,0,player,48.63,41.02
43,5.16,19,0,player,40.3,26.33
43,5.16,9,0,player,37.91,33.74
43,5.16,29,0,player,67.76,30.82
43,5.16,1,-1,referee,70.58,66.65
43,5.16,10,-1,referee,50.03,42.45
43,5.16,16,-1,referee,36.79,-2.82
44,5.28,4,1,player,46.32,59.65
44,5.28,27,1,player,69.65,51.35
44,5.28,26,1,player,68.81,30.29
44,5.28,12,0,player,53.78,61.83
44,5.28,28,0,player,53.22,49.97
44,5.28,15,0,player,43.43,56.28
44,5.28,24,1,player,53.91,17.33
44,5.28,21,0,player,39.06,42.58
44,5.28,30,1,player,64.96,37.91
44,5.28,23,1,player,41.72,32.89
44,5.28,19,0,player,40.42,26.1
44,5.28,22,1,player,45.37,32.45
44,5.28,29,0,player,67.95,30.74
44,5.28,7,0,player,50.33,29.65
44,5.28,17,0,player,48.79,41.07
44,5.28,8,1,player,38.89,38.04
44,5.28,2,1,player,60.14,62.19
44,5.28,9,0,player,37.94,33.85
44,5.28,1,-1,referee,70.75,66.68
44,5.28,10,-1,referee,50.01,42.47
45,5.4,4,1,player,45.88,62.58
45,5.4,2,1,player,59.88,65.01
45,5.4,22,1,player,44.92,35.95
45,5.4,15,0,player,43.14,60.1
45,5.4,21,0,player,38.01,45.84
45,5.4,23,1,player,41.18,36.38
45,5.4,28,0,player,53.28,53.6
45,5.4,8,1,player,37.94,41.47
45,5.4,27,1,player,70.4,54.46
45,5.4,12,0,player,53.91,64.91
45,5.4,9,0,player,37.21,37.53
45,5.4,7,0,player,50.18,33.25
45,5.4,30,1,player,65.53,41.24
45,5.4,19,0,player,39.67,29.47
45,5.4,29,0,player,68.79,34.38
45,5.4,24,1,player,53.68,20.68
45,5.4,17,0,player,48.42,44.52
45,5.4,10,-1,referee,49.45,45.74
46,5.52,30,1,player,65.68,41.3
46,5.52,4,1,player,46.29,63.5
46,5.52,21,0,player,38.12,45.83
46,5.52,13,0,player,53.6,53.73
46,5.52,27,1,player,70.52,54.67
46,5.52,15,0,player,43.31,60.4
46,5.52,9,0,player,37.37,37.33
46,5.52,7,0,player,50.45,33.65
46,5.52,8,1,player,37.96,41.36
46,5.52,31,0,player,62.37,60.79
46,5.52,26,1,player,69.14,34.58
46,5.52,12,0,player,54.28,64.79
46,5.52,2,1,player,59.8,64.62
46,5.52,23,1,player,41.52,36.42
46,5.52,19,0,player,39.86,29.6
46,5.52,17,0,player,48.44,44.3
46,5.52,10,-1,referee,49.57,45.78
47,5.64,30,1,player,65.99,41.37
47,5.64,2,1,player,59.79,64.57
47,5.64,25,1,player,70.76,54.87
47,5.64,4,1,player,46.49,63.8
47,5.64,21,0,player,38.2,45.71
47,5.64,15,0,player,43.64,60.74
47,5.64,12,0,player,54.6,64.48
47,5.64,26,1,player,69.43,34.72
47,5.64,8,1,player,38.31,41.69
47,5.64,9,0,player,37.45,37.25
47,5.64,23,1,player,42.03,37.04
47,5.64,7,0,player,50.61,33.63
47,5.64,10,0,player,48.82,44.75
48,5.76,2,1,player,59.58,63.88
48,5.76,4,1,player,46.74,64.17
48,5.76,21,0,player,38.25,45.6
48,5.76,15,0,player,44.04,61.34
48,5.76,25,1,player,70.96,54.96
48,5.76,12,0,player,55.11,64.15
48,5.76,9,0,player,37.54,37.11
48,5.76,7,0,player,50.83,33.65
48,5.76,30,1,player,66.14,41.36
48,5.76,8,1,player,38.35,41.5
48,5.76,31,0,player,62.15,61.48
48,5.76,23,1,player,42.26,37.1
48,5.76,10,0,player,48.95,44.65
49,5.88,4,1,player,47.26,64.95
49,5.88,2,1,player,59.45,63.32
49,5.88,34,1,player,45.88,35.97
49,5.88,15,0,player,44.24,61.73
49,5.88,21,0,player,38.18,45.44
49,5.88,31,0,player,61.68,61.43
49,5.88,25,1,player,70.99,55.02
49,5.88,35,1,player,54.08,20.32
49,5.88,7,0,player,50.91,33.72
49,5.88,12,0,player,55.22,63.87
49,5.88,8,1,player,38.4,41.42
49,5.88,30,1,player,66.12,41.48
49,5.88,23,1,player,42.45,37.19
49,5.88,9,0,player,37.6,37.01
49,5.88,32,-1,referee,72.1,69.41
50,6.0,15,0,player,44.3,61.91
50,6.0,2,1,player,59.3,62.73
50,6.0,30,1,player,66.07,41.59
50,6.0,25,1,player,70.95,55.22
50,6.0,33,1,player,59.18,52.41
50,6.0,34,1,player,45.98,36.02
50,6.0,4,1,player,47.38,64.99
50,6.0,8,1,player,38.38,41.72
50,6.0,21,0,player,37.84,45.3
50,6.0,12,0,player,55.48,63.33
50,6.0,39,0,player,40.64,30.08
50,6.0,35,1,player,53.98,20.54
50,6.0,23,1,player,42.75,38.2
50,6.0,36,1,player,70.96,33.81
50,6.0,9,0,player,37.53,37.22
50,6.0,7,0,player,50.67,33.68
50,6.0,32,-1,referee,72.17,69.43
50,6.0,38,-1,referee,49.48,46.06
51,6.12,25,1,player,70.89,55.25
51,6.12,12,0,player,55.66,63.2
51,6.12,2,1,player,59.12,62.54
51,6.12,4,1,player,47.56,65.24
51,6.12,15,0,player,44.55,62.55
51,6.12,33,1,player,59.35,52.71
51,6.12,21,0,player,37.72,45.38
51,6.12,30,1,player,66.02,41.75
51,6.12,39,0,player,40.81,30.45
51,6.12,9,0,player,37.51,37.22
51,6.12,8,1,player,38.35,41.77
51,6.12,34,1,player,45.93,36.1
51,6.12,7,0,player,50.64,33.96
51,6.12,23,1,player,42.83,38.52
51,6.12,40,0,player,69.75,35.65
51,6.12,36,1,player,70.98,33.91
51,6.12,35,1,player,53.73,20.93
51,6.12,38,0,player,49.3,45.44
51,6.12,32,-1,referee,72.16,69.46
51,6.12,41,-1,referee,37.71,-0.09
52,6.24,25,1,player,70.88,55.22
52,6.24,15,0,player,44.66,62.63
52,6.24,21,0,player,37.57,45.83
52,6.24,4,1,player,47.81,65.82
52,6.24,8,1,player,38.07,41.81
52,6.24,33,1,player,59.45,52.9
52,6.24,12,0,player,55.7,61.86
52,6.24,9,0,player,37.49,37.32
52,6.24,34,1,player,45.89,36.11
52,6.24,35,1,player,53.49,20.31
52,6.24,39,0,player,40.83,30.51
52,6.24,2,1,player,58.8,61.56
52,6.24,23,1,player,42.77,38.44
52,6.24,36,1,player,70.95,33.83
52,6.24,30,1,player,65.71,41.81
52,6.24,7,0,player,50.56,34.45
52,6.24,40,0,player,69.72,35.64
52,6.24,32,-1,referee,72.11,69.49
52,6.24,38,-1,referee,49.27,46.01
52,6.24,41,-1,referee,37.46,-0.22
53,6.36,33,1,player,59.59,53.17
53,6.36,21,0,player,37.54,45.93
53,6.36,4,1,player,48.1,66.03
53,6.36,30,1,player,65.57,41.69
53,6.36,8,1,player,37.96,42.04
53,6.36,12,0,player,55.84,61.68
53,6.36,9,0,player,37.35,37.4
53,6.36,15,0,player,44.82,62.95
53,6.36,34,1,player,45.85,36.18
53,6.36,40,0,player,69.6,35.96
53,6.36,25,1,player,70.8,55.25
53,6.36,23,1,player,43.01,39.62
53,6.36,2,1,player,58.61,61.31
53,6.36,35,1,player,53.25,20.49
53,6.36,36,1,player,70.99,33.8
53,6.36,39,0,player,40.75,30.6
53,6.36,7,0,player,50.47,34.71
53,6.36,32,-1,referee,72.02,69.55
53,6.36,38,-1,referee,49.12,46.16
53,6.36,41,-1,referee,37.29,-0.49
54,6.48,33,1,player,59.77,53.43
54,6.48,8,1,player,38.04,42.57
54,6.48,12,0,player,55.96,61.58
54,6.48,23,1,player,42.9,39.83
54,6.48,21,0,player,37.4,45.93
54,6.48,4,1,player,48.26,65.76
54,6.48,15,0,player,44.96,63.0
54,6.48,25,1,player,70.64,55.27
54,6.48,30,1,player,65.35,41.75
54,6.48,34,1,player,45.86,36.27
54,6.48,9,0,player,37.12,37.53
54,6.48,35,1,player,52.9,20.61
54,6.48,7,0,player,50.31,34.74
54,6.48,29,0,player,69.38,36.06
54,6.48,39,0,player,40.6,30.46
54,6.48,36,1,player,70.99,33.81
54,6.48,2,1,player,58.18,61.09
54,6.48,32,-1,referee,72.02,69.55
54,6.48,38,-1,referee,49.09,46.19
54,6.48,41,-1,referee,37.24,-0.35
55,6.6,12,0,player,55.93,61.02
55,6.6,25,1,player,70.51,55.33
55,6.6,33,1,player,59.95,53.49
55,6.6,21,0,player,37.39,46.52
55,6.6,23,1,player,42.82,40.02
55,6.6,7,0,player,50.23,35.18
55,6.6,9,0,player,37.05,37.7
55,6.6,34,1,player,45.84,36.34
55,6.6,35,1,player,52.7,20.45
55,6.6,15,0,player,45.22,63.06
55,6.6,30,1,player,64.96,41.81
55,6.6,4,1,player,48.32,65.75
55,6.6,8,1,player,37.99,42.68
55,6.6,36,1,player,70.94,33.74
55,6.6,26,1,player,69.17,36.15
55,6.6,39,0,player,40.55,30.63
55,6.6,2,1,player,57.91,60.6
55,6.6,43,0,player,48.66,45.66
55,6.6,32,-1,referee,72.01,69.55
55,6.6,38,-1,referee,49.05,46.18
55,6.6,41,-1,referee,37.05,-0.62
56,6.72,12,0,player,55.84,60.73
56,6.72,30,1,player,64.71,41.8
56,6.72,33,1,player,60.22,54.02
56,6.72,34,1,player,45.74,36.34
56,6.72,25,1,player,70.48,55.42
56,6.72,4,1,player,48.64,66.16
56,6.72,26,1,player,68.93,36.72
56,6.72,15,0,player,45.42,63.27
56,6.72,21,0,player,37.34,46.75
56,6.72,8,1,player,37.9,42.63
56,6.72,23,1,player,42.99,41.03
56,6.72,35,1,player,52.39,20.3
56,6.72,36,1,player,70.88,33.96
56,6.72,9,0,player,36.97,37.91
56,6.72,7,0,player,50.13,35.21
56,6.72,2,1,player,57.59,60.5
56,6.72,39,0,player,40.57,30.81
56,6.72,43,0,player,48.51,45.36
56,6.72,42,-1,goalkeeper,18.18,38.78
56,6.72,32,-1,referee,71.99,69.54
56,6.72,38,-1,referee,49.0,45.92
56,6.72,41,-1,referee,36.94,-0.62
57,6.84,33,1,player,60.37,53.66
57,6.84,34,1,player,45.7,36.41
57,6.84,4,1,player,48.76,66.41
57,6.84,12,0,player,55.67,60.28
57,6.84,15,0,player,45.57,63.45
57,6.84,25,1,player,70.46,55.69
57,6.84,21,0,player,37.43,47.02
57,6.84,23,1,player,43.04,41.5
57,6.84,9,0,player,36.97,38.08
57,6.84,36,1,player,70.9,33.95
57,6.84,7,0,player,50.0,35.38
57,6.84,26,1,player,68.63,37.2
57,6.84,30,1,player,64.38,41.81
57,6.84,39,0,player,40.61,31.07
57,6.84,8,1,player,37.86,42.58
57,6.84,35,1,player,52.11,20.56
57,6.84,2,1,player,57.32,60.13
57,6.84,43,0,player,48.44,45.32
57,6.84,42,-1,goalkeeper,18.19,38.72
57,6.84,32,-1,referee,71.96,69.55
57,6.84,38,-1,referee,49.04,45.97
57,6.84,41,-1,referee,36.64,-0.6
58,6.96,12,0,player,55.45,59.77
58,6.96,4,1,player,48.72,66.4
58,6.96,34,1,player,45.7,36.69
58,6.96,21,0,player,37.51,47.04
58,6.96,33,1,player,60.46,53.56
58,6.96,23,1,player,42.95,41.65
58,6.96,36,1,player,70.96,33.99
58,6.96,35,1,player,51.85,20.17
58,6.96,9,0,player,36.98,38.14
58,6.96,30,1,player,64.11,41.84
58,6.96,25,1,player,70.51,55.91
58,6.96,15,0,player,45.67,63.44
58,6.96,7,0,player,49.96,35.57
58,6.96,8,1,player,37.87,42.59
58,6.96,39,0,player,40.6,30.93
58,6.96,26,1,player,68.4,37.13
58,6.96,43,0,player,48.41,45.36
58,6.96,2,1,player,56.9,58.05
58,6.96,42,-1,goalkeeper,18.23,38.71
58,6.96,32,-1,referee,71.89,69.53
58,6.96,38,-1,referee,49.06,45.94
58,6.96,41,-1,referee,36.6,-0.63
59,7.08,30,1,player,63.8,41.83
59,7.08,4,1,player,48.59,66.2
59,7.08,34,1,player,45.61,36.73
59,7.08,26,1,player,68.15,37.57
59,7.08,21,0,player,37.57,46.89
59,7.08,7,0,player,49.79,35.66
59,7.08,25,1,player,70.51,56.08
59,7.08,36,1,player,71.07,33.98
59,7.08,43,0,player,48.42,45.34
59,7.08,9,0,player,36.95,38.09
59,7.08,8,1,player,37.86,42.51
59,7.08,15,0,player,45.8,63.35
59,7.08,35,1,player,51.57,20.18
59,7.08,2,1,player,56.77,58.73
59,7.08,23,1,player,43.15,42.64
59,7.08,39,0,player,40.61,30.89
59,7.08,33,1,player,60.6,53.52
59,7.08,42,-1,goalkeeper,18.3,38.64
59,7.08,32,-1,referee,71.82,69.49
59,7.08,38,-1,referee,49.07,46.0
59,7.08,41,-1,referee,36.65,-0.6
60,7.2,4,1,player,47.09,66.66
60,7.2,23,1,player,40.87,44.16
60,7.2,36,1,player,68.83,34.0
60,7.2,21,0,player,35.77,48.17
60,7.2,30,1,player,61.33,42.09
60,7.2,35,1,player,48.3,20.72
60,7.2,8,1,player,35.61,43.59
60,7.2,34,1,player,43.03,37.72
60,7.2,7,0,player,47.15,36.33
60,7.2,2,1,player,54.99,59.15
60,7.2,25,1,player,69.03,56.22
60,7.2,15,0,player,44.45,64.04
60,7.2,9,0,player,34.58,39.48
60,7.2,39,0,player,37.91,31.88
60,7.2,43,0,player,46.29,46.05
60,7.2,26,1,player,65.64,38.02
60,7.2,33,1,player,59.18,53.69
60,7.2,42,-1,goalkeeper,16.03,40.43
60,7.2,32,-1,referee,70.72,69.64
60,7.2,38,-1,referee,46.99,46.71
60,7.2,41,-1,referee,32.52,0.08
61,7.32,4,1,player,46.88,66.53
61,7.32,33,1,player,59.42,53.91
61,7.32,30,1,player,61.06,42.05
61,7.32,2,1,player,54.88,59.38
61,7.32,21,0,player,36.03,48.41
61,7.32,25,1,player,69.15,56.13
61,7.32,15,0,player,44.56,64.1
61,7.32,34,1,player,42.93,37.72
61,7.32,36,1,player,68.88,34.09
61,7.32,23,1,player,40.69,44.1
61,7.32,44,0,player,55.42,63.59
61,7.32,8,1,player,35.71,43.55
61,7.32,35,1,player,48.04,20.57
61,7.32,7,0,player,47.07,36.12
61,7.32,39,0,player,37.96,31.88
61,7.32,26,1,player,65.31,38.21
61,7.32,9,0,player,34.65,39.44
61,7.32,43,0,player,46.28,46.12
61,7.32,42,-1,goalkeeper,16.03,40.45
61,7.32,32,-1,referee,70.67,69.69
61,7.32,38,-1,referee,47.01,46.73
61,7.32,41,-1,referee,32.64,0.26
62,7.44,8,1,player,35.77,43.51
62,7.44,4,1,player,46.66,66.42
62,7.44,33,1,player,59.49,54.04
62,7.44,2,1,player,54.63,59.38
62,7.44,30,1,player,60.81,42.22
62,7.44,26,1,player,65.02,38.49
62,7.44,15,0,player,44.53,64.04
62,7.44,44,0,player,55.44,63.49
62,7.44,34,1,player,42.86,37.77
62,7.44,23,1,player,40.81,44.85
62,7.44,25,1,player,69.29,56.31
62,7.44,7,0,player,46.96,36.12
62,7.44,35,1,player,47.84,20.72
62,7.44,21,0,player,36.31,48.46
62,7.44,36,1,player,69.02,34.18
62,7.44,39,0,player,38.03,31.87
62,7.44,9,0,player,34.81,39.61
62,7.44,43,0,player,46.28,46.16
62,7.44,42,-1,goalkeeper,16.01,40.45
62,7.44,32,-1,referee,70.67,69.69
62,7.44,38,-1,referee,47.04,46.82
62,7.44,41,-1,referee,32.71,0.36
63,7.56,21,0,player,36.57,48.55
63,7.56,2,1,player,54.38,59.54
63,7.56,23,1,player,40.96,45.53
63,7.56,44,0,player,55.54,63.45
63,7.56,4,1,player,46.35,66.16
63,7.56,25,1,player,69.36,56.33
63,7.56,8,1,player,35.81,43.55
63,7.56,34,1,player,42.8,37.83
63,7.56,15,0,player,44.3,63.78
63,7.56,33,1,player,59.66,53.91
63,7.56,35,1,player,47.58,20.6
63,7.56,30,1,player,60.61,42.28
63,7.56,36,1,player,69.11,34.33
63,7.56,7,0,player,46.87,35.94
63,7.56,39,0,player,38.1,31.78
63,7.56,26,1,player,64.74,38.95
63,7.56,9,0,player,34.92,39.5
63,7.56,43,0,player,46.43,46.19
63,7.56,42,0,player,16.08,40.34
63,7.56,32,-1,referee,70.69,69.69
63,7.56,38,-1,referee,47.11,46.75
63,7.56,41,-1,referee,32.78,0.31
64,7.68,2,1,player,54.16,59.47
64,7.68,15,0,player,44.04,63.4
64,7.68,4,1,player,46.19,66.25
64,7.68,44,0,player,55.58,63.49
64,7.68,25,1,player,69.47,56.06
64,7.68,23,1,player,40.79,45.51
64,7.68,34,1,player,42.66,37.62
64,7.68,36,1,player,69.18,34.19
64,7.68,30,1,player,60.29,42.43
64,7.68,39,0,player,38.16,31.78
64,7.68,21,0,player,36.98,48.83
64,7.68,35,1,player,47.32,20.22
64,7.68,8,1,player,35.93,43.44
64,7.68,26,1,player,64.38,38.94
64,7.68,33,1,player,59.81,53.98
64,7.68,9,0,player,34.89,39.02
64,7.68,7,0,player,46.8,36.01
64,7.68,42,0,player,16.13,40.34
64,7.68,43,0,player,46.43,45.68
64,7.68,32,-1,referee,70.71,69.68
64,7.68,38,-1,referee,47.14,46.79
64,7.68,41,-1,referee,32.92,0.18
65,7.8,36,1,player,69.28,33.95
65,7.8,4,1,player,45.93,66.06
65,7.8,44,0,player,55.63,63.46
65,7.8,15,0,player,43.94,63.45
65,7.8,34,1,player,42.52,37.62
65,7.8,26,1,player,64.05,39.19
65,7.8,2,1,player,53.86,59.5
65,7.8,23,1,player,40.89,46.32
65,7.8,25,1,player,69.64,55.92
65,7.8,30,1,player,60.11,42.49
65,7.8,35,1,player,47.06,19.72
65,7.8,39,0,player,38.1,31.7
65,7.8,9,0,player,35.15,39.45
65,7.8,21,0,player,37.34,48.65
65,7.8,7,0,player,46.72,35.99
65,7.8,8,1,player,36.04,43.21
65,7.8,33,1,player,59.86,53.42
65,7.8,43,0,player,46.47,45.35
65,7.8,42,-1,goalkeeper,16.04,40.25
65,7.8,32,-1,referee,70.69,69.68
65,7.8,38,-1,referee,47.11,46.64
65,7.8,41,-1,referee,32.97,0.21
66,7.92,2,1,player,53.57,59.35
66,7.92,4,1,player,45.63,65.89
66,7.92,26,1,player,63.73,39.39
66,7.92,15,0,player,43.76,63.46
66,7.92,25,1,player,69.58,55.93
66,7.92,36,1,player,69.29,33.87
66,7.92,23,1,player,40.67,46.85
66,7.92,30,1,player,59.87,42.49
66,7.92,44,0,player,55.81,63.27
66,7.92,45,0,player,59.01,53.7
66,7.92,34,1,player,42.21,37.54
66,7.92,21,0,player,37.48,48.95
66,7.92,35,1,player,46.72,19.49
66,7.92,7,0,player,46.55,35.91
66,7.92,39,0,player,37.99,31.59
66,7.92,33,1,player,59.98,55.01
66,7.92,8,1,player,36.12,43.37
66,7.92,9,0,player,35.17,39.38
66,7.92,43,0,player,46.44,45.38
66,7.92,42,-1,goalkeeper,15.94,40.45
66,7.92,32,-1,referee,70.62,69.65
66,7.92,38,-1,referee,47.05,46.49
66,7.92,41,-1,referee,32.94,0.41
67,8.04,4,1,player,45.23,65.62
67,8.04,2,1,player,53.19,59.03
67,8.04,15,0,player,43.34,63.23
67,8.04,25,1,player,69.56,55.75
67,8.04,23,1,player,40.34,46.96
67,8.04,36,1,player,69.24,33.69
67,8.04,44,0,player,55.82,63.11
67,8.04,21,0,player,37.63,49.26
67,8.04,30,1,player,59.63,42.57
67,8.04,7,0,player,46.35,35.76
67,8.04,35,1,player,46.4,19.8
67,8.04,8,1,player,36.16,43.38
67,8.04,26,1,player,63.22,39.48
67,8.04,34,1,player,41.95,37.51
67,8.04,45,0,player,58.97,53.12
67,8.04,39,0,player,37.94,31.64
67,8.04,33,1,player,59.9,55.09
67,8.04,9,0,player,35.24,39.5
67,8.04,43,0,player,46.52,45.72
67,8.04,42,-1,goalkeeper,15.81,40.38
67,8.04,32,-1,referee,70.51,69.62
67,8.04,38,-1,referee,46.9,46.58
67,8.04,41,-1,referee,32.75,0.52
68,8.16,2,1,player,52.93,59.15
68,8.16,4,1,player,44.91,65.61
68,8.16,44,0,player,55.82,62.57
68,8.16,36,1,player,69.24,33.65
68,8.16,15,0,player,43.01,63.05
68,8.16,25,1,player,69.59,55.45
68,8.16,7,0,player,46.2,35.59
68,8.16,30,1,player,59.48,42.59
68,8.16,23,1,player,40.41,47.97
68,8.16,26,1,player,62.86,39.72
68,8.16,35,1,player,46.01,19.53
68,8.16,21,0,player,37.83,49.16
68,8.16,34,1,player,41.7,37.48
68,8.16,45,0,player,59.02,53.08
68,8.16,39,0,player,37.76,31.45
68,8.16,9,0,player,35.37,39.66
68,8.16,33,1,player,59.89,55.1
68,8.16,8,1,player,36.15,43.33
68,8.16,42,-1,goalkeeper,15.8,40.46
68,8.16,32,-1,referee,70.43,69.62
68,8.16,38,-1,referee,46.79,46.53
68,8.16,41,-1,referee,32.78,0.61
69,8.28,4,1,player,44.69,65.49
69,8.28,2,1,player,52.61,59.1
69,8.28,23,1,player,40.3,48.2
69,8.28,36,1,player,69.23,33.65
69,8.28,25,1,player,69.62,55.5
69,8.28,13,0,player,49.99,59.65
69,8.28,15,0,player,42.77,62.9
69,8.28,26,1,player,62.59,40.24
69,8.28,7,0,player,46.17,35.56
69,8.28,35,1,player,45.67,19.23
69,8.28,21,0,player,38.1,49.25
69,8.28,30,1,player,59.38,42.58
69,8.28,45,0,player,59.07,53.03
69,8.28,34,1,player,41.47,37.17
69,8.28,39,0,player,37.69,31.39
69,8.28,33,1,player,59.95,55.41
69,8.28,9,0,player,35.52,39.61
69,8.28,8,1,player,36.25,43.34
69,8.28,42,-1,goalkeeper,15.82,40.44
69,8.28,32,-1,referee,70.39,69.62
69,8.28,38,-1,referee,46.91,46.55
69,8.28,41,-1,referee,32.84,0.63
70,8.4,2,1,player,52.42,59.05
70,8.4,13,0,player,49.7,59.57
70,8.4,4,1,player,44.42,65.21
70,8.4,36,1,player,69.29,33.57
70,8.4,21,0,player,38.38,49.32
70,8.4,25,1,player,69.71,55.26
70,8.4,15,0,player,42.44,62.52
70,8.4,30,1,player,59.28,42.56
70,8.4,26,1,player,62.31,40.26
70,8.4,23,1,player,40.16,48.29
70,8.4,33,1,player,60.04,55.88
70,8.4,45,0,player,59.09,52.99
70,8.4,35,1,player,45.4,19.05
70,8.4,34,1,player,41.38,37.12
70,8.4,44,0,player,55.99,62.21
70,8.4,7,0,player,46.14,35.32
70,8.4,39,0,player,37.65,31.33
70,8.4,8,1,player,36.26,43.0
70,8.4,9,0,player,35.85,39.49
70,8.4,42,-1,goalkeeper,15.96,40.46
70,8.4,32,-1,referee,70.38,69.59
70,8.4,38,-1,referee,47.01,46.44
70,8.4,41,-1,referee,33.07,0.4
71,8.52,2,1,player,52.07,58.93
71,8.52,23,1,player,40.29,49.16
71,8.52,25,1,player,69.82,55.34
71,8.52,15,0,player,42.25,62.42
71,8.52,4,1,player,44.23,65.06
71,8.52,44,0,player,56.0,61.62
71,8.52,26,1,player,62.04,40.29
71,8.52,30,1,player,59.18,42.71
71,8.52,13,0,player,49.26,59.66
71,8.52,36,1,player,69.47,33.48
71,8.52,34,1,player,41.32,37.02
71,8.52,33,1,player,60.09,56.26
71,8.52,21,0,player,38.66,49.39
71,8.52,9,0,player,36.01,39.52
71,8.52,35,1,player,45.12,18.61
71,8.52,8,1,player,36.52,42.96
71,8.52,45,0,player,59.15,52.79
71,8.52,7,0,player,46.34,35.53
71,8.52,39,0,player,37.54,30.93
71,8.52,42,-1,goalkeeper,15.98,40.49
71,8.52,32,-1,referee,70.39,69.58
71,8.52,38,-1,referee,47.12,46.44
71,8.52,41,-1,referee,33.33,0.68
72,8.64,4,1,player,44.06,64.91
72,8.64,25,1,player,69.91,55.22
72,8.64,23,1,player,40.24,49.58
72,8.64,15,0,player,42.01,62.17
72,8.64,2,1,player,51.8,58.77
72,8.64,13,0,player,49.07,59.84
72,8.64,26,1,player,61.85,40.45
72,8.64,36,1,player,69.59,33.39
72,8.64,44,0,player,56.21,61.5
72,8.64,33,1,player,60.12,56.22
72,8.64,30,1,player,59.05,42.88
72,8.64,34,1,player,41.26,36.92
72,8.64,7,0,player,46.43,35.27
72,8.64,35,1,player,44.91,18.64
72,8.64,45,0,player,59.19,52.46
72,8.64,39,0,player,37.63,30.99
72,8.64,21,0,player,38.95,49.48
72,8.64,9,0,player,36.27,39.5
72,8.64,8,1,player,36.75,43.25
72,8.64,42,-1,goalkeeper,16.0,40.44
72,8.64,38,-1,referee,47.23,46.45
72,8.64,32,-1,referee,70.41,69.52
72,8.64,41,-1,referee,33.5,0.7
73,8.76,25,1,player,70.02,54.81
73,8.76,4,1,player,43.88,64.74
73,8.76,13,0,player,48.74,59.58
73,8.76,15,0,player,41.68,61.71
73,8.76,2,1,player,51.61,58.79
73,8.76,36,1,player,69.68,33.12
73,8.76,26,1,player,61.75,40.45
73,8.76,33,1,player,60.19,56.26
73,8.76,44,0,player,56.3,61.3
73,8.76,30,1,player,58.96,42.99
73,8.76,7,0,player,46.42,35.23
73,8.76,35,1,player,44.53,18.08
73,8.76,23,1,player,40.12,49.63
73,8.76,34,1,player,41.29,36.97
73,8.76,9,0,player,36.71,39.48
73,8.76,45,0,player,59.22,52.44
73,8.76,39,0,player,37.64,30.82
73,8.76,21,0,player,39.16,49.63
73,8.76,8,1,player,36.19,41.76
73,8.76,42,-1,goalkeeper,16.08,40.45
73,8.76,32,-1,referee,70.46,69.43
73,8.76,38,-1,referee,47.27,46.42
73,8.76,41,-1,referee,33.71,0.51
74,8.88,2,1,player,51.38,58.82
74,8.88,30,1,player,58.84,43.03
74,8.88,25,1,player,70.09,54.7
74,8.88,4,1,player,43.66,64.46
74,8.88,9,0,player,36.93,39.43
74,8.88,36,1,player,69.78,33.05
74,8.88,44,0,player,56.35,60.59
74,8.88,35,1,player,44.24,17.86
74,8.88,13,0,player,48.42,59.55
74,8.88,15,0,player,41.65,61.67
74,8.88,26,1,player,61.65,40.33
74,8.88,33,1,player,60.24,56.49
74,8.88,34,1,player,41.28,36.72
74,8.88,39,0,player,37.67,30.61
74,8.88,7,0,player,46.45,35.04
74,8.88,45,0,player,59.29,52.46
74,8.88,23,1,player,40.35,50.38
74,8.88,8,1,player,36.16,41.32
74,8.88,21,0,player,39.22,49.49
74,8.88,42,-1,goalkeeper,16.29,40.42
74,8.88,32,-1,referee,70.5,69.46
74,8.88,38,-1,referee,47.41,46.25
74,8.88,41,-1,referee,33.94,0.38
75,9.0,13,0,player,48.7,60.22
75,9.0,2,1,player,51.78,59.16
75,9.0,4,1,player,43.66,65.4
75,9.0,15,0,player,41.62,62.37
75,9.0,36,1,player,70.98,32.72
75,9.0,30,1,player,59.82,42.85
75,9.0,25,1,player,70.7,54.44
75,9.0,33,1,player,60.94,56.87
75,9.0,9,0,player,37.99,39.31
75,9.0,39,0,player,38.99,30.59
75,9.0,26,1,player,62.62,40.1
75,9.0,34,1,player,42.4,36.34
75,9.0,44,0,player,57.09,60.94
75,9.0,35,1,player,45.89,17.59
75,9.0,45,0,player,60.16,52.31
75,9.0,23,1,player,40.99,51.26
75,9.0,8,1,player,37.79,43.17
75,9.0,7,0,player,47.77,34.63
75,9.0,21,0,player,39.98,49.54
75,9.0,42,0,player,16.17,40.84
75,9.0,32,-1,referee,70.86,69.71
75,9.0,41,-1,referee,36.68,0.37
75,9.0,38,-1,referee,48.56,46.34
76,9.12,13,0,player,48.57,60.19
76,9.12,2,1,player,51.51,59.17
76,9.12,15,0,player,41.35,61.79
76,9.12,30,1,player,59.72,42.88
76,9.12,36,1,player,71.11,32.52
76,9.12,25,1,player,70.69,53.79
76,9.12,4,1,player,43.6,65.32
76,9.12,45,0,player,60.18,52.07
76,9.12,33,1,player,60.95,56.96
76,9.12,39,0,player,39.09,30.41
76,9.12,34,1,player,42.36,36.29
76,9.12,7,0,player,47.93,34.71
76,9.12,8,1,player,38.04,43.16
76,9.12,44,0,player,57.2,60.59
76,9.12,35,1,player,45.7,17.56
76,9.12,9,0,player,38.38,39.2
76,9.12,26,1,player,62.51,40.19
76,9.12,23,1,player,41.02,51.21
76,9.12,21,0,player,40.32,49.68
76,9.12,42,-1,goalkeeper,16.18,40.78
76,9.12,32,-1,referee,70.89,69.71
76,9.12,38,-1,referee,48.67,46.42
76,9.12,41,-1,referee,37.04,0.52
77,9.24,2,1,player,51.26,59.19
77,9.24,9,0,player,38.6,38.89
77,9.24,25,1,player,70.6,53.38
77,9.24,15,0,player,41.34,61.75
77,9.24,36,1,player,71.21,32.33
77,9.24,8,1,player,38.24,43.48
77,9.24,30,1,player,59.61,43.05
77,9.24,33,1,player,60.98,56.97
77,9.24,4,1,player,43.49,65.07
77,9.24,13,0,player,48.34,60.07
77,9.24,45,0,player,60.19,51.81
77,9.24,7,0,player,48.06,34.58
77,9.24,44,0,player,57.23,60.23
77,9.24,35,1,player,45.42,17.47
77,9.24,34,1,player,42.32,36.22
77,9.24,39,0,player,39.22,30.1
77,9.24,26,1,player,62.39,40.24
77,9.24,23,1,player,41.35,51.95
77,9.24,21,0,player,39.22,46.14
77,9.24,42,-1,goalkeeper,16.22,40.72
77,9.24,32,-1,referee,70.93,69.69
77,9.24,38,-1,referee,48.81,46.33
77,9.24,41,-1,referee,37.15,0.4
78,9.36,2,1,player,51.05,59.23
78,9.36,15,0,player,41.23,61.39
78,9.36,30,1,player,59.57,43.09
78,9.36,4,1,player,43.35,64.79
78,9.36,44,0,player,57.42,59.96
78,9.36,33,1,player,61.0,56.91
78,9.36,25,1,player,70.66,52.93
78,9.36,45,0,player,60.21,51.78
78,9.36,26,1,player,62.36,39.81
78,9.36,36,1,player,71.35,32.25
78,9.36,9,0,player,38.82,38.63
78,9.36,13,0,player,48.16,60.15
78,9.36,7,0,player,48.14,34.61
78,9.36,35,1,player,45.25,16.95
78,9.36,39,0,player,39.17,29.59
78,9.36,34,1,player,42.35,36.13
78,9.36,23,1,player,41.58,52.37
78,9.36,8,1,player,38.21,42.97
78,9.36,42,0,player,16.25,40.57
78,9.36,21,0,player,40.73,49.34
78,9.36,32,-1,referee,70.96,69.7
78,9.36,38,-1,referee,48.89,46.32
78,9.36,41,-1,referee,37.38,0.16
79,9.48,25,1,player,70.63,51.52
79,9.48,2,1,player,50.88,59.09
79,9.48,4,1,player,43.25,64.68
79,9.48,33,1,player,61.05,56.89
79,9.48,30,1,player,59.52,43.02
79,9.48,15,0,player,40.91,60.65
79,9.48,13,0,player,48.0,60.08
79,9.48,44,0,player,57.54,59.79
79,9.48,45,0,player,60.24,51.63
79,9.48,36,1,player,71.49,31.91
79,9.48,9,0,player,39.13,38.51
79,9.48,26,1,player,62.36,39.43
79,9.48,34,1,player,42.36,35.9
79,9.48,35,1,player,45.11,16.47
79,9.48,7,0,player,48.16,34.22
79,9.48,39,0,player,39.18,29.14
79,9.48,23,1,player,41.64,52.44
79,9.48,8,1,player,38.53,43.21
79,9.48,21,0,player,40.92,49.35
79,9.48,42,-1,goalkeeper,16.33,40.44
79,9.48,32,-1,referee,70.98,69.69
79,9.48,38,-1,referee,49.08,46.18
79,9.48,41,-1,referee,37.51,0.16
80,9.6,2,1,player,50.63,58.97
80,9.6,13,0,player,47.87,60.04
80,9.6,4,1,player,43.22,64.67
80,9.6,33,1,player,61.14,56.83
80,9.6,9,0,player,39.35,38.32
80,9.6,15,0,player,40.92,60.46
80,9.6,44,0,player,57.55,58.87
80,9.6,36,1,player,71.6,31.76
80,9.6,30,1,player,59.41,43.08
80,9.6,45,0,player,60.27,51.48
80,9.6,25,1,player,70.46,51.5
80,9.6,26,1,player,62.4,39.05
80,9.6,23,1,player,41.78,52.59
80,9.6,35,1,player,44.97,16.27
80,9.6,34,1,player,42.3,35.4
80,9.6,8,1,player,38.76,43.33
80,9.6,7,0,player,48.29,34.33
80,9.6,39,0,player,39.34,29.09
80,9.6,21,0,player,41.08,49.13
80,9.6,38,0,player,49.28,45.93
80,9.6,42,-1,goalkeeper,16.51,40.38
80,9.6,32,-1,referee,70.99,69.7
80,9.6,41,-1,referee,37.92,0.68
81,9.72,2,1,player,50.52,59.05
81,9.72,45,0,player,60.31,51.42
81,9.72,33,1,player,61.21,56.79
81,9.72,13,0,player,47.55,59.81
81,9.72,4,1,player,43.08,64.37
81,9.72,23,1,player,41.98,52.88
81,9.72,36,1,player,71.65,31.65
81,9.72,30,1,player,59.36,43.27
81,9.72,25,1,player,70.54,51.42
81,9.72,34,1,player,42.41,35.49
81,9.72,35,1,player,44.94,16.3
81,9.72,44,0,player,57.68,58.83
81,9.72,26,1,player,62.44,38.92
81,9.72,15,0,player,40.77,59.85
81,9.72,9,0,player,39.47,37.84
81,9.72,8,1,player,38.95,43.41
81,9.72,7,0,player,48.36,34.2
81,9.72,39,0,player,39.37,28.68
81,9.72,21,0,player,41.22,48.88
81,9.72,42,-1,goalkeeper,16.77,40.39
81,9.72,32,-1,referee,71.01,69.7
81,9.72,38,-1,referee,49.47,46.09
81,9.72,41,-1,referee,38.29,1.15
82,9.84,45,0,player,60.33,51.43
82,9.84,2,1,player,50.34,59.1
82,9.84,13,0,player,47.38,59.73
82,9.84,36,1,player,71.73,31.42
82,9.84,25,1,player,70.58,51.18
82,9.84,26,1,player,62.55,38.76
82,9.84,33,1,player,61.27,56.74
82,9.84,15,0,player,40.72,59.34
82,9.84,4,1,player,43.01,64.16
82,9.84,8,1,player,39.03,43.43
82,9.84,35,1,player,45.03,16.04
82,9.84,44,0,player,57.77,58.59
82,9.84,34,1,player,42.49,35.42
82,9.84,9,0,player,39.66,37.55
82,9.84,39,0,player,39.25,27.42
82,9.84,23,1,player,42.26,52.83
82,9.84,30,1,player,59.3,43.27
82,9.84,7,0,player,48.46,34.09
82,9.84,21,0,player,41.36,48.77
82,9.84,42,0,player,16.83,40.37
82,9.84,32,-1,referee,71.02,69.72
82,9.84,38,-1,referee,49.61,46.13
82,9.84,41,-1,referee,38.37,0.97
83,9.96,2,1,player,50.31,59.15
83,9.96,13,0,player,47.28,59.78
83,9.96,25,1,player,70.64,50.7
83,9.96,45,0,player,60.35,51.52
83,9.96,33,1,player,61.37,56.51
83,9.96,36,1,player,71.82,31.12
83,9.96,44,0,player,57.84,57.88
83,9.96,4,1,player,43.05,64.18
83,9.96,9,0,player,39.93,37.41
83,9.96,15,0,player,40.64,58.66
83,9.96,26,1,player,62.67,38.04
83,9.96,35,1,player,45.18,15.54
83,9.96,39,0,player,39.63,28.05
83,9.96,34,1,player,42.54,35.19
83,9.96,23,1,player,42.47,52.94
83,9.96,7,0,player,48.5,33.86
83,9.96,30,1,player,59.27,43.37
83,9.96,42,0,player,16.91,40.19
83,9.96,21,0,player,41.44,48.6
83,9.96,8,1,player,39.15,43.03
83,9.96,32,-1,referee,71.03,69.74
83,9.96,38,-1,referee,49.74,45.99
83,9.96,41,-1,referee,38.51,0.94
84,10.08,25,1,player,70.7,50.67
84,10.08,33,1,player,61.44,56.58
84,10.08,13,0,player,47.22,59.75
84,10.08,23,1,player,42.73,52.91
84,10.08,36,1,player,71.84,31.06
84,10.08,45,0,player,60.36,51.46
84,10.08,4,1,player,43.13,64.17
84,10.08,2,1,player,50.23,59.28
84,10.08,15,0,player,40.85,58.62
84,10.08,9,0,player,40.09,37.34
84,10.08,30,1,player,59.28,43.34
84,10.08,35,1,player,45.31,15.18
84,10.08,44,0,player,57.98,57.81
84,10.08,26,1,player,62.76,37.93
84,10.08,39,0,player,39.79,27.82
84,10.08,34,1,player,42.66,35.02
84,10.08,7,0,player,48.53,33.78
84,10.08,21,0,player,41.47,48.03
84,10.08,8,1,player,39.14,42.34
84,10.08,42,0,player,17.11,40.1
84,10.08,32,-1,referee,71.08,69.8
84,10.08,41,-1,referee,38.66,0.9
84,10.08,38,-1,referee,49.95,45.77
85,10.2,25,1,player,70.73,50.55
85,10.2,36,1,player,71.94,30.94
85,10.2,33,1,player,61.47,56.62
85,10.2,45,0,player,60.32,51.26
85,10.2,4,1,player,43.11,64.08
85,10.2,26,1,player,62.96,37.1
85,10.2,23,1,player,42.89,53.05
85,10.2,44,0,player,58.13,57.67
85,10.2,34,1,player,42.77,35.18
85,10.2,2,1,player,49.93,59.3
85,10.2,30,1,player,59.26,43.22
85,10.2,13,0,player,47.04,59.76
85,10.2,9,0,player,40.19,37.23
85,10.2,15,0,player,40.86,58.29
85,10.2,39,0,player,39.84,27.27
85,10.2,21,0,player,41.68,48.08
85,10.2,7,0,player,48.62,33.97
85,10.2,35,1,player,45.6,15.53
85,10.2,8,1,player,39.79,43.57
85,10.2,42,-1,goalkeeper,17.33,40.15
85,10.2,32,-1,referee,71.09,69.82
85,10.2,38,-1,referee,50.14,45.82
85,10.2,41,-1,referee,38.87,1.33
86,10.32,36,1,player,72.11,31.05
86,10.32,33,1,player,61.5,56.63
86,10.32,25,1,player,70.77,50.5
86,10.32,2,1,player,49.75,59.38
86,10.32,13,0,player,46.83,59.84
86,10.32,45,0,player,60.26,51.02
86,10.32,35,1,player,45.79,15.28
86,10.32,34,1,player,42.72,35.2
86,10.32,4,1,player,42.9,63.62
86,10.32,30,1,player,59.22,43.13
86,10.32,9,0,player,40.23,36.97
86,10.32,44,0,player,58.17,57.23
86,10.32,26,1,player,63.18,37.21
86,10.32,7,0,player,48.62,33.71
86,10.32,8,1,player,39.97,43.54
86,10.32,15,0,player,40.83,57.79
86,10.32,23,1,player,43.06,52.93
86,10.32,39,0,player,39.9,26.89
86,10.32,21,0,player,41.66,47.53
86,10.32,42,-1,goalkeeper,17.58,40.16
86,10.32,32,-1,referee,71.12,69.87
86,10.32,38,-1,referee,50.31,45.85
86,10.32,41,-1,referee,39.0,1.57
87,10.44,2,1,player,49.69,59.54
87,10.44,4,1,player,42.87,63.66
87,10.44,34,1,player,42.8,35.25
87,10.44,25,1,player,70.86,50.44
87,10.44,36,1,player,72.48,30.99
87,10.44,26,1,player,63.38,36.68
87,10.44,13,0,player,46.79,59.88
87,10.44,33,1,player,61.53,56.21
87,10.44,30,1,player,59.2,43.03
87,10.44,7,0,player,48.59,33.32
87,10.44,45,0,player,60.22,51.0
87,10.44,15,0,player,40.92,57.38
87,10.44,9,0,player,40.29,36.64
87,10.44,44,0,player,58.26,57.06
87,10.44,23,1,player,43.38,52.93
87,10.44,35,1,player,45.95,14.24
87,10.44,39,0,player,39.94,26.23
87,10.44,8,1,player,40.11,43.56
87,10.44,21,0,player,41.71,47.21
87,10.44,42,-1,goalkeeper,17.81,40.33
87,10.44,32,-1,referee,71.15,69.92
87,10.44,38,-1,referee,50.37,45.8
87,10.44,41,-1,referee,39.12,1.95
88,10.56,4,1,player,42.83,63.67
88,10.56,25,1,player,70.95,50.15
88,10.56,36,1,player,72.68,30.9
88,10.56,23,1,player,43.45,52.92
88,10.56,35,1,player,46.3,14.24
88,10.56,2,1,player,49.47,59.39
88,10.56,33,1,player,61.52,56.18
88,10.56,13,0,player,46.64,59.89
88,10.56,30,1,player,59.22,43.03
88,10.56,34,1,player,42.77,34.81
88,10.56,44,0,player,58.3,56.7
88,10.56,26,1,player,63.55,36.17
88,10.56,15,0,player,41.14,57.37
88,10.56,45,0,player,60.15,50.91
88,10.56,9,0,player,40.24,36.22
88,10.56,39,0,player,40.12,25.93
88,10.56,7,0,player,48.59,33.03
88,10.56,21,0,player,41.75,47.08
88,10.56,8,1,player,40.2,43.61
88,10.56,42,-1,goalkeeper,17.61,39.9
88,10.56,32,-1,referee,71.16,69.96
88,10.56,41,-1,referee,39.12,2.19
88,10.56,38,-1,referee,50.41,45.42
89,10.68,33,1,player,61.49,56.21
89,10.68,4,1,player,42.77,63.58
89,10.68,36,1,player,72.85,30.63
89,10.68,25,1,player,70.99,49.83
89,10.68,15,0,player,41.31,57.32
89,10.68,44,0,player,58.34,56.04
89,10.68,30,1,player,59.19,42.97
89,10.68,23,1,player,43.51,52.9
89,10.68,35,1,player,46.44,13.58
89,10.68,13,0,player,46.21,59.48
89,10.68,26,1,player,63.65,35.96
89,10.68,45,0,player,60.06,50.74
89,10.68,34,1,player,42.74,34.69
89,10.68,39,0,player,40.27,25.79
89,10.68,7,0,player,48.57,32.49
89,10.68,9,0,player,40.21,35.86
89,10.68,2,1,player,49.19,59.37
89,10.68,21,0,player,41.7,46.58
89,10.68,8,1,player,40.14,43.26
89,10.68,42,0,player,17.61,39.8
89,10.68,32,-1,referee,71.14,69.97
89,10.68,41,-1,referee,39.1,2.22
89,10.68,38,-1,referee,50.53,45.4
90,10.8,36,1,player,72.7,31.18
90,10.8,25,1,player,70.92,49.36
90,10.8,2,1,player,48.92,58.18
90,10.8,33,1,player,61.19,55.37
90,10.8,4,1,player,42.78,61.4
90,10.8,26,1,player,63.3,34.25
90,10.8,30,1,player,58.63,41.97
90,10.8,13,0,player,46.03,57.99
90,10.8,15,0,player,41.06,54.49
90,10.8,45,0,player,59.63,49.78
90,10.8,44,0,player,58.22,55.06
90,10.8,9,0,player,39.81,34.6
90,10.8,7,0,player,48.08,31.67
90,10.8,34,1,player,42.23,33.53
90,10.8,23,1,player,43.39,51.08
90,10.8,42,0,player,18.31,37.71
90,10.8,39,0,player,39.51,23.51
90,10.8,35,1,player,45.88,12.26
90,10.8,21,0,player,41.39,44.76
90,10.8,8,1,player,39.97,41.96
90,10.8,46,0,player,49.04,39.53
90,10.8,32,-1,referee,71.1,69.51
90,10.8,38,-1,referee,50.18,44.16
90,10.8,41,-1,referee,37.69,0.54
91,10.92,2,1,player,48.71,58.22
91,10.92,25,1,player,70.93,49.18
91,10.92,36,1,player,72.97,30.32
91,10.92,4,1,player,42.68,61.21
91,10.92,13,0,player,45.87,58.02
91,10.92,33,1,player,61.07,54.84
91,10.92,30,1,player,58.43,41.89
91,10.92,44,0,player,58.29,54.9
91,10.92,15,0,player,41.15,54.46
91,10.92,9,0,player,39.69,34.38
91,10.92,35,1,player,45.94,11.44
91,10.92,26,1,player,63.39,33.7
91,10.92,45,0,player,59.5,49.78
91,10.92,23,1,player,43.34,50.9
91,10.92,34,1,player,42.18,33.53
91,10.92,7,0,player,47.96,31.45
91,10.92,46,0,player,48.8,38.68
91,10.92,42,0,player,18.44,37.77
91,10.92,39,0,player,39.62,23.45
91,10.92,21,0,player,41.3,44.49
91,10.92,8,1,player,40.28,42.86
91,10.92,32,-1,referee,71.04,69.54
91,10.92,41,-1,referee,37.53,0.47
91,10.92,38,-1,referee,50.2,44.2
92,11.04,4,1,player,42.68,61.29
92,11.04,33,1,player,60.93,54.69
92,11.04,25,1,player,71.0,48.89
92,11.04,36,1,player,73.12,30.13
92,11.04,2,1,player,48.54,58.29
92,11.04,13,0,player,45.49,57.66
92,11.04,30,1,player,58.3,41.65
92,11.04,26,1,player,63.56,33.74
92,11.04,44,0,player,58.34,54.14
92,11.04,23,1,player,43.42,50.85
92,11.04,34,1,player,42.0,33.24
92,11.04,45,0,player,59.3,49.68
92,11.04,9,0,player,39.57,34.27
92,11.04,7,0,player,47.76,30.68
92,11.04,42,0,player,18.25,37.68
92,11.04,46,0,player,48.76,38.8
92,11.04,15,0,player,41.2,54.25
92,11.04,39,0,player,39.36,22.17
92,11.04,35,1,player,46.29,11.49
92,11.04,21,0,player,41.21,44.2
92,11.04,8,1,player,40.35,43.06
92,11.04,32,-1,referee,71.02,69.49
92,11.04,38,-1,referee,50.1,43.69
92,11.04,41,-1,referee,37.43,0.58
93,11.16,4,1,player,42.63,61.15
93,11.16,33,1,player,60.83,54.72
93,11.16,25,1,player,71.13,48.77
93,11.16,34,1,player,41.76,32.77
93,11.16,36,1,player,73.27,30.28
93,11.16,15,0,player,40.96,53.42
93,11.16,26,1,player,63.74,33.3
93,11.16,13,0,player,45.15,57.73
93,11.16,30,1,player,58.19,41.45
93,11.16,45,0,player,59.18,49.52
93,11.16,44,0,player,58.44,54.06
93,11.16,46,0,player,48.79,39.29
93,11.16,7,0,player,47.68,30.42
93,11.16,42,0,player,18.05,37.43
93,11.16,35,1,player,46.77,11.1
93,11.16,23,1,player,43.42,50.91
93,11.16,39,0,player,39.53,21.96
93,11.16,9,0,player,39.44,33.96
93,11.16,2,1,player,48.22,58.39
93,11.16,21,0,player,41.19,44.08
93,11.16,8,1,player,40.32,43.01
93,11.16,32,-1,referee,71.01,69.45
93,11.16,38,-1,referee,50.04,43.47
93,11.16,41,-1,referee,37.38,0.71
94,11.28,13,0,player,44.87,57.58
94,11.28,4,1,player,42.37,60.6
94,11.28,33,1,player,60.72,54.62
94,11.28,25,1,player,71.23,48.47
94,11.28,15,0,player,40.92,53.14
94,11.28,30,1,player,58.09,41.12
94,11.28,44,0,player,58.48,53.96
94,11.28,45,0,player,59.0,49.38
94,11.28,23,1,player,43.3,50.46
94,11.28,2,1,player,47.98,58.49
94,11.28,35,1,player,47.02,10.71
94,11.28,36,1,player,73.44,30.1
94,11.28,34,1,player,41.64,32.75
94,11.28,9,0,player,39.28,33.59
94,11.28,7,0,player,47.6,30.04
94,11.28,26,1,player,64.03,32.51
94,11.28,46,0,player,48.69,39.05
94,11.28,42,0,player,18.0,37.44
94,11.28,21,0,player,41.09,43.7
94,11.28,39,0,player,39.76,21.86
94,11.28,8,1,player,40.39,43.18
94,11.28,32,-1,referee,71.0,69.44
94,11.28,38,-1,referee,50.11,43.38
94,11.28,41,-1,referee,37.3,0.9
95,11.4,4,1,player,42.31,60.58
95,11.4,2,1,player,47.81,58.65
95,11.4,33,1,player,60.57,54.23
95,11.4,13,0,player,44.56,57.35
95,11.4,30,1,player,58.03,40.84
95,11.4,26,1,player,64.2,32.47
95,11.4,15,0,player,40.93,53.07
95,11.4,25,1,player,71.38,48.03
95,11.4,34,1,player,41.5,32.63
95,11.4,45,0,player,58.77,49.19
95,11.4,23,1,player,43.31,50.41
95,11.4,36,1,player,73.57,30.32
95,11.4,39,0,player,39.91,21.75
95,11.4,44,0,player,58.58,53.25
95,11.4,9,0,player,39.08,33.14
95,11.4,42,0,player,17.94,37.48
95,11.4,7,0,player,47.47,29.28
95,11.4,46,0,player,48.55,38.65
95,11.4,35,1,player,47.44,10.59
95,11.4,21,0,player,40.89,43.07
95,11.4,8,1,player,40.27,42.77
95,11.4,32,-1,referee,70.99,69.42
95,11.4,38,-1,referee,50.07,43.34
95,11.4,41,-1,referee,37.12,0.79
96,11.52,25,1,player,71.42,47.98
96,11.52,4,1,player,42.23,60.58
96,11.52,23,1,player,43.31,50.39
96,11.52,15,0,player,40.56,52.08
96,11.52,2,1,player,47.53,58.44
96,11.52,33,1,player,60.46,54.0
96,11.52,26,1,player,64.57,32.15
96,11.52,13,0,player,44.15,57.21
96,11.52,46,0,player,48.43,38.53
96,11.52,39,0,player,39.73,21.05
96,11.52,9,0,player,38.88,32.73
96,11.52,34,1,player,41.39,32.64
96,11.52,35,1,player,47.76,10.2
96,11.52,30,1,player,58.03,40.74
96,11.52,36,1,player,73.54,30.42
96,11.52,7,0,player,47.5,29.38
96,11.52,42,0,player,17.86,37.49
96,11.52,44,0,player,58.77,53.16
96,11.52,21,0,player,40.82,42.91
96,11.52,45,0,player,58.56,48.44
96,11.52,8,1,player,40.45,43.18
96,11.52,32,-1,referee,70.98,69.38
96,11.52,38,-1,referee,49.98,43.02
96,11.52,41,-1,referee,37.09,0.97
97,11.64,25,1,player,71.55,47.73
97,11.64,4,1,player,42.17,60.6
97,11.64,13,0,player,43.96,57.23
97,11.64,23,1,player,43.26,50.26
97,11.64,46,0,player,48.33,38.33
97,11.64,30,1,player,58.08,40.49
97,11.64,33,1,player,60.36,54.12
97,11.64,2,1,player,47.23,58.5
97,11.64,9,0,player,38.87,32.71
97,11.64,34,1,player,41.11,31.96
97,11.64,15,0,player,40.55,51.98
97,11.64,7,0,player,47.37,28.81
97,11.64,44,0,player,58.87,52.7
97,11.64,36,1,player,73.47,30.25
97,11.64,35,1,player,48.15,10.17
97,11.64,45,0,player,58.34,48.4
97,11.64,39,0,player,39.69,20.62
97,11.64,26,1,player,64.99,32.3
97,11.64,21,0,player,40.75,42.61
97,11.64,8,1,player,40.36,42.96
97,11.64,42,-1,goalkeeper,17.73,37.49
97,11.64,32,-1,referee,70.98,69.29
97,11.64,38,-1,referee,49.97,42.76
97,11.64,41,-1,referee,36.93,0.83
98,11.76,4,1,player,42.06,60.48
98,11.76,25,1,player,71.7,47.58
98,11.76,30,1,player,58.13,40.03
98,11.76,13,0,player,43.7,57.08
98,11.76,46,0,player,48.21,38.12
98,11.76,33,1,player,60.25,53.9
98,11.76,34,1,player,41.05,31.93
98,11.76,23,1,player,43.3,50.32
98,11.76,2,1,player,47.09,58.86
98,11.76,9,0,player,38.73,32.36
98,11.76,26,1,player,65.29,32.16
98,11.76,36,1,player,73.43,29.86
98,11.76,39,0,player,39.86,21.08
98,11.76,7,0,player,47.24,28.06
98,11.76,15,0,player,40.55,51.78
98,11.76,44,0,player,59.06,52.15
98,11.76,45,0,player,58.2,48.76
98,11.76,35,1,player,48.74,10.23
98,11.76,8,1,player,40.44,43.16
98,11.76,21,0,player,40.63,42.25
98,11.76,42,-1,goalkeeper,17.65,37.5
98,11.76,32,-1,referee,70.97,69.28
98,11.76,38,-1,referee,49.95,42.68
98,11.76,41,-1,referee,36.89,0.87
99,11.88,2,1,player,47.01,59.09
99,11.88,26,1,player,65.61,31.47
99,11.88,4,1,player,41.84,60.02
99,11.88,15,0,player,40.34,51.06
99,11.88,25,1,player,71.91,47.47
99,11.88,13,0,player,43.33,56.97
99,11.88,33,1,player,60.13,53.46
99,11.88,9,0,player,38.66,32.12
99,11.88,34,1,player,41.01,31.91
99,11.88,30,1,player,58.24,39.83
99,11.88,36,1,player,73.43,30.1
99,11.88,46,0,player,48.02,37.58
99,11.88,45,0,player,57.96,48.46
99,11.88,35,1,player,48.97,9.51
99,11.88,39,0,player,39.78,20.68
99,11.88,44,0,player,59.23,52.25
99,11.88,7,0,player,47.29,28.31
99,11.88,23,1,player,43.11,49.84
99,11.88,42,0,player,17.58,37.45
99,11.88,8,1,player,40.47,43.23
99,11.88,21,0,player,40.48,41.83
99,11.88,32,-1,referee,70.95,69.42
99,11.88,38,-1,referee,49.97,42.63
99,11.88,41,-1,referee,36.86,0.99
100,12.0,2,1,player,46.91,59.23
100,12.0,45,0,player,57.8,48.72
100,12.0,4,1,player,41.8,59.95
100,12.0,15,0,player,40.29,50.85
100,12.0,30,1,player,58.31,39.71
100,12.0,36,1,player,73.37,29.78
100,12.0,25,1,player,72.03,47.14
100,12.0,13,0,player,43.05,57.02
100,12.0,7,0,player,47.26,27.58
100,12.0,9,0,player,38.59,31.71
100,12.0,34,1,player,40.97,31.77
100,12.0,42,0,player,17.52,37.44
100,12.0,46,0,player,47.98,37.33
100,12.0,39,0,player,39.68,20.27
100,12.0,33,1,player,60.02,53.21
100,12.0,26,1,player,66.14,31.79
100,12.0,23,1,player,43.07,49.64
100,12.0,35,1,player,49.46,9.76
100,12.0,8,1,player,40.42,43.17
100,12.0,21,0,player,40.47,41.81
100,12.0,44,0,player,59.31,51.9
100,12.0,32,-1,referee,70.96,69.48
100,12.0,38,-1,referee,49.97,42.54
100,12.0,41,-1,referee,36.85,0.96
101,12.12,2,1,player,46.76,59.22
101,12.12,45,0,player,57.62,48.73
101,12.12,4,1,player,41.8,60.02
101,12.12,30,1,player,58.47,39.57
101,12.12,13,0,player,42.77,56.83
101,12.12,25,1,player,72.13,47.17
101,12.12,26,1,player,66.46,30.75
101,12.12,46,0,player,47.86,36.8
101,12.12,36,1,player,73.24,29.2
101,12.12,15,0,player,40.17,50.38
101,12.12,34,1,player,40.85,31.4
101,12.12,9,0,player,38.67,31.96
101,12.12,7,0,player,47.49,27.43
101,12.12,42,0,player,17.49,37.54
101,12.12,23,1,player,43.12,49.69
101,12.12,39,0,player,39.55,19.92
101,12.12,35,1,player,50.01,9.53
101,12.12,8,1,player,40.4,43.18
101,12.12,33,1,player,59.9,53.29
101,12.12,21,0,player,40.48,41.91
101,12.12,44,0,player,59.48,50.75
101,12.12,32,-1,referee,70.99,69.48
101,12.12,38,-1,referee,49.9,41.98
101,12.12,41,-1,referee,36.75,0.77
102,12.24,2,1,player,46.77,59.6
102,12.24,9,0,player,38.54,31.47
102,12.24,25,1,player,72.22,47.12
102,12.24,4,1,player,41.75,59.93
102,12.24,36,1,player,73.14,28.41
102,12.24,13,0,player,42.5,56.79
102,12.24,15,0,player,39.98,49.87
102,12.24,45,0,player,57.42,48.33
102,12.24,46,0,player,47.88,36.78
102,12.24,30,1,player,58.74,39.52
102,12.24,39,0,player,39.52,20.04
102,12.24,26,1,player,66.69,30.59
102,12.24,34,1,player,40.79,31.41
102,12.24,35,1,player,50.35,9.04
102,12.24,7,0,player,47.49,26.64
102,12.24,23,1,player,43.04,49.44
102,12.24,8,1,player,40.41,43.16
102,12.24,33,1,player,59.8,53.16
102,12.24,21,0,player,40.39,41.71
102,12.24,42,0,player,17.38,37.39
102,12.24,32,-1,referee,71.07,69.51
102,12.24,38,-1,referee,49.95,41.95
102,12.24,41,-1,referee,36.74,0.9
103,12.36,13,0,player,42.31,56.89
103,12.36,25,1,player,72.23,46.95
103,12.36,4,1,player,41.48,59.38
103,12.36,2,1,player,46.76,59.79
103,12.36,15,0,player,39.94,49.69
103,12.36,46,0,player,47.85,36.59
103,12.36,30,1,player,58.85,39.02
103,12.36,45,0,player,57.14,48.25
103,12.36,34,1,player,40.76,31.46
103,12.36,9,0,player,38.58,31.31
103,12.36,23,1,player,42.96,49.1
103,12.36,39,0,player,39.43,19.88
103,12.36,26,1,player,66.84,30.72
103,12.36,36,1,player,72.82,28.45
103,12.36,7,0,player,47.66,26.34
103,12.36,8,1,player,40.4,43.15
103,12.36,44,0,player,59.86,50.15
103,12.36,33,1,player,59.65,52.75
103,12.36,35,1,player,50.87,9.27
103,12.36,21,0,player,39.94,40.5
103,12.36,42,0,player,17.29,37.35
103,12.36,32,-1,referee,71.12,69.47
103,12.36,38,-1,referee,50.0,41.87
103,12.36,41,-1,referee,36.6,0.66
104,12.48,13,0,player,42.05,56.8
104,12.48,25,1,player,72.24,46.87
104,12.48,23,1,player,42.96,48.96
104,12.48,4,1,player,41.46,59.36
104,12.48,2,1,player,46.75,59.98
104,12.48,34,1,player,40.67,31.31
104,12.48,46,0,player,47.74,36.04
104,12.48,45,0,player,56.98,48.26
104,12.48,30,1,player,58.96,38.92
104,12.48,9,0,player,38.62,31.36
104,12.48,15,0,player,39.98,49.63
104,12.48,26,1,player,67.07,29.62
104,12.48,33,1,player,59.55,52.64
104,12.48,44,0,player,60.02,50.63
104,12.48,42,0,player,17.25,37.47
104,12.48,35,1,player,51.27,8.73
104,12.48,7,0,player,47.71,25.9
104,12.48,39,0,player,39.25,19.44
104,12.48,36,1,player,72.5,28.46
104,12.48,21,0,player,39.84,40.2
104,12.48,8,1,player,40.41,42.93
104,12.48,32,-1,referee,71.14,69.41
104,12.48,38,-1,referee,49.98,41.74
104,12.48,41,-1,referee,36.54,0.77
105,12.6,13,0,player,42.77,56.48
105,12.6,4,1,player,42.22,59.05
105,12.6,2,1,player,47.51,59.77
105,12.6,25,1,player,73.39,47.08
105,12.6,33,1,player,60.46,52.61
105,12.6,45,0,player,57.89,48.26
105,12.6,36,1,player,74.05,27.58
105,12.6,23,1,player,44.0,48.68
105,12.6,34,1,player,41.96,30.83
105,12.6,46,0,player,49.04,35.7
105,12.6,9,0,player,40.01,31.02
105,12.6,44,0,player,61.19,50.78
105,12.6,30,1,player,60.43,38.6
105,12.6,7,0,player,49.43,24.84
105,12.6,15,0,player,40.75,48.58
105,12.6,26,1,player,68.8,29.44
105,12.6,42,0,player,18.2,36.67
105,12.6,35,1,player,53.65,8.31
105,12.6,39,0,player,40.74,18.8
105,12.6,21,0,player,40.9,39.54
105,12.6,8,1,player,41.61,42.76
105,12.6,32,-1,referee,71.76,69.52
105,12.6,38,-1,referee,51.19,41.28
105,12.6,41,-1,referee,38.5,0.22
106,12.72,4,1,player,42.18,59.0
106,12.72,25,1,player,73.37,47.07
106,12.72,2,1,player,47.48,59.84
106,12.72,33,1,player,60.37,52.43
106,12.72,36,1,player,73.93,27.45
106,12.72,45,0,player,57.68,47.83
106,12.72,23,1,player,43.93,48.34
106,12.72,44,0,player,61.35,50.55
106,12.72,7,0,player,49.66,24.74
106,12.72,15,0,player,40.71,48.37
106,12.72,13,0,player,42.49,56.39
106,12.72,46,0,player,49.0,35.36
106,12.72,30,1,player,60.55,38.22
106,12.72,34,1,player,41.77,30.15
106,12.72,9,0,player,39.88,30.35
106,12.72,26,1,player,68.93,29.1
106,12.72,39,0,player,40.71,18.74
106,12.72,35,1,player,54.24,8.46
106,12.72,42,0,player,18.1,36.47
106,12.72,8,1,player,41.68,42.79
106,12.72,21,0,player,41.0,39.66
106,12.72,32,-1,referee,71.74,69.56
106,12.72,38,-1,referee,51.19,40.95
106,12.72,41,-1,referee,38.52,0.25
107,12.84,2,1,player,47.48,60.09
107,12.84,4,1,player,42.18,59.01
107,12.84,15,0,player,40.73,48.2
107,12.84,30,1,player,60.72,38.02
107,12.84,25,1,player,73.34,46.94
107,12.84,33,1,player,60.28,52.02
107,12.84,44,0,player,61.41,50.04
107,12.84,26,1,player,69.1,28.38
107,12.84,35,1,player,54.59,7.58
107,12.84,23,1,player,43.91,48.19
107,12.84,46,0,player,49.05,35.21
107,12.84,36,1,player,73.77,27.06
107,12.84,13,0,player,42.37,56.31
107,12.84,45,0,player,57.54,47.8
107,12.84,7,0,player,49.72,23.42
107,12.84,9,0,player,39.85,29.98
107,12.84,34,1,player,41.75,30.06
107,12.84,39,0,player,40.61,18.41
107,12.84,42,0,player,18.13,36.47
107,12.84,21,0,player,41.04,39.57
107,12.84,8,1,player,41.76,42.89
107,12.84,32,-1,referee,71.79,69.53
107,12.84,38,-1,referee,51.25,40.99
107,12.84,41,-1,referee,38.5,0.17
108,12.96,30,1,player,60.8,37.98
108,12.96,15,0,player,40.51,47.51
108,12.96,36,1,player,73.58,26.74
108,12.96,25,1,player,73.34,46.51
108,12.96,2,1,player,47.5,60.34
108,12.96,4,1,player,42.05,58.62
108,12.96,13,0,player,42.31,56.36
108,12.96,45,0,player,57.38,47.76
108,12.96,33,1,player,60.21,51.97
108,12.96,26,1,player,69.22,28.36
108,12.96,44,0,player,61.57,49.88
108,12.96,9,0,player,39.91,29.96
108,12.96,46,0,player,49.06,34.79
108,12.96,42,0,player,18.0,36.23
108,12.96,34,1,player,41.79,30.19
108,12.96,23,1,player,43.98,48.15
108,12.96,39,0,player,40.59,18.36
108,12.96,7,0,player,49.99,23.46
108,12.96,21,0,player,40.94,39.11
108,12.96,8,1,player,41.82,43.05
108,12.96,35,1,player,55.16,8.02
108,12.96,32,-1,referee,71.84,69.53
108,12.96,38,-1,referee,51.29,40.88
108,12.96,41,-1,referee,38.51,0.29
109,13.08,30,1,player,60.87,37.57
109,13.08,45,0,player,57.26,47.76
109,13.08,25,1,player,73.32,46.5
109,13.08,4,1,player,42.03,58.51
109,13.08,2,1,player,47.48,60.38
109,13.08,13,0,player,42.13,56.24
109,13.08,44,0,player,61.62,49.43
109,13.08,42,0,player,18.07,36.3
109,13.08,33,1,player,60.14,51.95
109,13.08,15,0,player,40.47,47.28
109,13.08,9,0,player,39.87,29.74
109,13.08,23,1,player,44.04,48.03
109,13.08,36,1,player,73.43,26.61
109,13.08,34,1,player,41.68,29.71
109,13.08,46,0,player,49.1,34.65
109,13.08,7,0,player,50.11,22.0
109,13.08,39,0,player,40.5,18.26
109,13.08,35,1,player,55.64,7.68
109,13.08,26,1,player,69.46,28.04
109,13.08,21,0,player,40.86,38.6
109,13.08,8,1,player,41.87,43.05
109,13.08,32,-1,referee,71.87,69.57
109,13.08,38,-1,referee,51.26,40.25
109,13.08,41,-1,referee,38.56,0.44
110,13.2,13,0,player,41.83,55.94
110,13.2,25,1,player,73.29,46.46
110,13.2,4,1,player,42.07,58.54
110,13.2,45,0,player,57.14,47.6
110,13.2,30,1,player,60.94,37.21
110,13.2,2,1,player,47.49,60.41
110,13.2,44,0,player,61.68,49.01
110,13.2,33,1,player,60.06,51.83
110,13.2,23,1,player,44.06,47.86
110,13.2,36,1,player,73.38,25.92
110,13.2,42,0,player,18.01,36.2
110,13.2,9,0,player,39.84,29.61
110,13.2,46,0,player,49.12,34.44
110,13.2,35,1,player,56.14,7.5
110,13.2,34,1,player,41.62,29.38
110,13.2,39,0,player,40.44,18.18
110,13.2,15,0,player,40.52,47.18
110,13.2,7,0,player,50.44,22.25
110,13.2,26,1,player,69.37,27.06
110,13.2,21,0,player,40.84,38.15
110,13.2,8,1,player,41.87,42.83
110,13.2,32,-1,referee,71.97,69.43
110,13.2,38,-1,referee,51.29,40.07
110,13.2,41,-1,referee,38.59,0.55
111,13.32,25,1,player,73.25,46.32
111,13.32,2,1,player,47.54,60.61
111,13.32,33,1,player,59.94,51.33
111,13.32,30,1,player,60.99,36.69
111,13.32,13,0,player,41.74,55.89
111,13.32,44,0,player,61.72,48.98
111,13.32,23,1,player,44.19,47.56
111,13.32,36,1,player,73.34,25.85
111,13.32,15,0,player,40.39,46.53
111,13.32,46,0,player,49.12,33.95
111,13.32,7,0,player,50.56,20.88
111,13.32,26,1,player,69.33,27.06
111,13.32,4,1,player,42.06,58.43
111,13.32,45,0,player,56.85,47.41
111,13.32,42,0,player,18.01,36.16
111,13.32,34,1,player,41.66,29.45
111,13.32,9,0,player,39.75,29.05
111,13.32,39,0,player,40.37,17.9
111,13.32,21,0,player,40.82,37.74
111,13.32,35,1,player,56.67,7.5
111,13.32,8,1,player,41.92,42.82
111,13.32,32,-1,referee,72.06,69.48
111,13.32,38,-1,referee,51.35,39.83
111,13.32,41,-1,referee,38.59,0.61
112,13.44,25,1,player,73.17,46.22
112,13.44,2,1,player,47.63,60.81
112,13.44,33,1,player,59.88,51.21
112,13.44,30,1,player,61.01,35.94
112,13.44,36,1,player,73.37,25.43
112,13.44,23,1,player,44.28,47.47
112,13.44,15,0,player,40.44,46.39
112,13.44,13,0,player,41.67,55.91
112,13.44,26,1,player,69.36,26.81
112,13.44,44,0,player,61.71,48.83
112,13.44,45,0,player,56.71,47.45
112,13.44,4,1,player,42.02,58.22
112,13.44,9,0,player,39.68,28.66
112,13.44,35,1,player,57.11,7.14
112,13.44,21,0,player,40.9,37.79
112,13.44,34,1,player,41.47,28.76
112,13.44,42,0,player,17.92,36.0
112,13.44,46,0,player,49.17,33.7
112,13.44,39,0,player,40.43,18.01
112,13.44,8,1,player,41.94,42.81
112,13.44,7,0,player,50.83,20.65
112,13.44,32,-1,referee,72.1,69.54
112,13.44,38,-1,referee,51.39,39.62
112,13.44,41,-1,referee,38.59,0.68
113,13.56,23,1,player,44.4,47.4
113,13.56,36,1,player,73.46,24.61
113,13.56,30,1,player,61.04,35.85
113,13.56,45,0,player,56.56,47.18
113,13.56,33,1,player,59.75,50.45
113,13.56,2,1,player,47.71,60.99
113,13.56,44,0,player,61.7,48.12
113,13.56,25,1,player,73.15,45.75
113,13.56,15,0,player,40.46,46.1
113,13.56,21,0,player,40.95,37.67
113,13.56,4,1,player,41.9,57.83
113,13.56,26,1,player,69.34,25.71
113,13.56,34,1,player,41.45,28.67
113,13.56,42,0,player,17.92,35.98
113,13.56,9,0,player,39.63,28.37
113,13.56,39,0,player,40.39,17.81
113,13.56,8,1,player,41.95,42.78
113,13.56,46,0,player,49.21,33.4
113,13.56,13,0,player,41.58,55.87
113,13.56,35,1,player,57.62,7.13
113,13.56,7,0,player,50.95,19.45
113,13.56,32,-1,referee,72.14,69.55
113,13.56,38,-1,referee,51.48,39.53
113,13.56,41,-1,referee,38.58,0.7
114,13.68,33,1,player,59.68,50.4
114,13.68,44,0,player,61.69,47.93
114,13.68,23,1,player,44.41,46.99
114,13.68,21,0,player,40.94,37.58
114,13.68,36,1,player,73.47,24.35
114,13.68,2,1,player,47.7,60.94
114,13.68,30,1,player,61.04,35.09
114,13.68,25,1,player,73.0,45.7
114,13.68,15,0,player,40.27,45.27
114,13.68,9,0,player,39.53,27.87
114,13.68,45,0,player,56.36,47.0
114,13.68,34,1,player,41.46,28.88
114,13.68,4,1,player,41.93,57.65
114,13.68,39,0,player,40.35,17.67
114,13.68,46,0,player,49.22,32.91
114,13.68,26,1,player,69.28,25.56
114,13.68,42,0,player,17.83,35.89
114,13.68,8,1,player,41.9,42.73
114,13.68,35,1,player,58.17,7.02
114,13.68,7,0,player,51.16,18.62
114,13.68,13,0,player,41.09,55.04
114,13.68,32,-1,referee,72.19,69.59
114,13.68,38,-1,referee,51.54,39.38
114,13.68,41,-1,referee,38.54,0.73
115,13.8,33,1,player,59.6,50.29
115,13.8,25,1,player,72.94,45.75
115,13.8,2,1,player,47.7,60.96
115,13.8,44,0,player,61.6,47.51
115,13.8,21,0,player,40.71,36.81
115,13.8,23,1,player,44.56,46.91
115,13.8,45,0,player,56.22,46.78
115,13.8,30,1,player,61.01,34.78
115,13.8,36,1,player,73.46,24.22
115,13.8,9,0,player,39.49,27.79
115,13.8,15,0,player,40.29,45.02
115,13.8,34,1,player,41.13,27.78
115,13.8,26,1,player,69.2,25.42
115,13.8,39,0,player,40.3,17.46
115,13.8,46,0,player,49.29,32.89
115,13.8,8,1,player,41.9,42.73
115,13.8,7,0,player,51.49,18.66
115,13.8,4,1,player,41.92,57.58
115,13.8,35,1,player,58.68,7.5
115,13.8,42,0,player,17.8,35.88
115,13.8,13,0,player,40.52,53.73
115,13.8,32,-1,referee,72.24,69.62
115,13.8,38,-1,referee,51.63,39.38
115,13.8,41,-1,referee,38.49,0.72
116,13.92,23,1,player,44.63,46.75
116,13.92,2,1,player,47.79,61.36
116,13.92,30,1,player,60.98,34.45
116,13.92,25,1,player,72.95,45.13
116,13.92,45,0,player,56.06,46.71
116,13.92,33,1,player,59.48,49.85
116,13.92,42,0,player,17.65,35.73
116,13.92,44,0,player,61.46,47.0
116,13.92,9,0,player,39.41,27.71
116,13.92,34,1,player,41.08,27.8
116,13.92,21,0,player,40.75,36.89
116,13.92,46,0,player,49.3,32.53
116,13.92,36,1,player,73.57,23.51
116,13.92,8,1,player,41.89,42.72
116,13.92,26,1,player,69.05,24.92
116,13.92,39,0,player,40.27,17.29
116,13.92,15,0,player,40.38,45.02
116,13.92,7,0,player,51.66,17.41
116,13.92,4,1,player,41.81,57.29
116,13.92,35,1,player,59.08,7.41
116,13.92,13,0,player,39.94,52.33
116,13.92,32,-1,referee,72.3,69.64
116,13.92,38,-1,referee,51.7,39.34
116,13.92,41,-1,referee,38.35,0.6
117,14.04,33,1,player,59.35,49.54
117,14.04,30,1,player,60.92,33.65
117,14.04,2,1,player,47.76,61.47
117,14.04,23,1,player,44.7,46.65
117,14.04,25,1,player,72.85,45.0
117,14.04,46,0,player,49.18,31.79
117,14.04,9,0,player,39.22,27.36
117,14.04,45,0,player,55.71,46.35
117,14.04,15,0,player,40.22,44.39
117,14.04,34,1,player,40.9,27.58
117,14.04,8,1,player,41.82,42.65
117,14.04,44,0,player,61.33,46.93
117,14.04,36,1,player,73.56,23.23
117,14.04,39,0,player,40.13,16.99
117,14.04,35,1,player,59.41,7.46
117,14.04,21,0,player,40.65,36.69
117,14.04,7,0,player,51.89,17.12
117,14.04,42,0,player,17.37,35.59
117,14.04,4,1,player,41.73,56.98
117,14.04,13,0,player,39.83,52.4
117,14.04,32,-1,referee,72.34,69.6
117,14.04,38,-1,referee,51.65,38.72
117,14.04,41,-1,referee,38.24,0.63
118,14.16,25,1,player,72.75,44.92
118,14.16,30,1,player,60.82,33.34
118,14.16,23,1,player,44.77,46.21
118,14.16,33,1,player,59.15,49.41
118,14.16,2,1,player,47.65,61.44
118,14.16,21,0,player,40.42,36.25
118,14.16,36,1,player,73.56,23.0
118,14.16,8,1,player,41.67,42.41
118,14.16,15,0,player,40.12,44.07
118,14.16,45,0,player,55.46,46.43
118,14.16,44,0,player,61.12,46.44
118,14.16,9,0,player,39.03,26.95
118,14.16,34,1,player,40.63,27.16
118,14.16,46,0,player,49.21,31.64
118,14.16,7,0,player,51.95,15.83
118,14.16,39,0,player,40.06,16.95
118,14.16,4,1,player,41.52,56.55
118,14.16,42,0,player,16.97,35.34
118,14.16,13,0,player,39.87,53.06
118,14.16,35,1,player,59.62,7.48
118,14.16,32,-1,referee,72.32,69.61
118,14.16,38,-1,referee,51.6,38.51
118,14.16,41,-1,referee,38.06,0.83
119,14.28,23,1,player,44.83,46.22
119,14.28,25,1,player,72.5,44.99
119,14.28,2,1,player,47.49,61.56
119,14.28,21,0,player,40.14,36.1
119,14.28,33,1,player,58.84,49.03
119,14.28,36,1,player,73.45,22.56
119,14.28,45,0,player,55.05,45.91
119,14.28,30,1,player,60.56,32.92
119,14.28,15,0,player,39.87,43.98
119,14.28,9,0,player,38.81,27.1
119,14.28,34,1,player,40.34,27.35
119,14.28,39,0,player,39.8,16.8
119,14.28,8,1,player,41.46,42.46
119,14.28,4,1,player,41.43,56.54
119,14.28,46,0,player,48.97,31.08
119,14.28,35,1,player,59.61,7.82
119,14.28,7,0,player,52.21,15.83
119,14.28,42,0,player,16.61,35.51
119,14.28,13,0,player,40.2,54.57
119,14.28,32,-1,referee,72.21,69.66
119,14.28,38,-1,referee,51.51,38.54
119,14.28,41,-1,referee,37.61,0.64
120,14.4,2,1,player,47.78,61.5
120,14.4,25,1,player,73.04,44.0
120,14.4,33,1,player,59.14,48.29
120,14.4,36,1,player,74.19,21.2
120,14.4,15,0,player,39.92,43.06
120,14.4,23,1,player,45.25,45.64
120,14.4,45,0,player,55.21,45.43
120,14.4,4,1,player,41.73,56.23
120,14.4,46,0,player,49.47,30.3
120,14.4,13,0,player,40.19,54.03
120,14.4,7,0,player,52.94,14.88
120,14.4,39,0,player,40.05,15.59
120,14.4,32,-1,referee,72.68,69.5
120,14.4,38,-1,referee,51.94,37.96
121,14.52,4,1,player,41.51,56.28
121,14.52,2,1,player,47.57,61.79
121,14.52,33,1,player,58.76,48.37
121,14.52,36,1,player,73.87,21.17
121,14.52,45,0,player,54.73,45.5
121,14.52,23,1,player,45.09,45.44
121,14.52,46,0,player,49.29,30.53
121,14.52,13,0,player,39.97,54.34
121,14.52,9,0,player,39.97,26.52
121,14.52,7,0,player,52.81,13.69
121,14.52,32,-1,referee,72.48,69.49
121,14.52,38,-1,referee,51.67,37.93
122,14.64,2,1,player,47.46,62.21
122,14.64,4,1,player,41.2,56.02
122,14.64,33,1,player,58.4,48.35
122,14.64,45,0,player,54.34,45.51
122,14.64,23,1,player,45.1,45.68
122,14.64,36,1,player,73.6,21.04
122,14.64,13,0,player,39.72,54.52
122,14.64,9,0,player,39.52,26.34
122,14.64,46,0,player,49.09,30.07
122,14.64,7,0,player,52.97,14.27
122,14.64,32,-1,referee,72.34,69.49
122,14.64,38,-1,referee,51.42,37.63
123,14.76,2,1,player,47.33,62.36
123,14.76,23,1,player,45.02,45.37
123,14.76,33,1,player,58.1,48.12
123,14.76,36,1,player,73.37,20.94
123,14.76,4,1,player,40.98,55.86
123,14.76,9,0,player,39.22,26.42
123,14.76,45,0,player,53.82,45.1
123,14.76,13,0,player,39.52,54.64
123,14.76,46,0,player,48.97,29.75
123,14.76,7,0,player,52.96,13.15
123,14.76,32,-1,referee,72.25,69.47
123,14.76,38,-1,referee,51.32,37.77
124,14.88,2,1,player,47.1,62.54
124,14.88,23,1,player,44.96,45.18
124,14.88,4,1,player,40.65,55.7
124,14.88,15,0,player,40.42,42.61
124,14.88,33,1,player,57.82,48.0
124,14.88,9,0,player,38.6,25.64
124,14.88,13,0,player,38.98,54.31
124,14.88,45,0,player,53.42,45.04
124,14.88,46,0,player,48.92,29.69
124,14.88,36,1,player,73.48,20.49
124,14.88,7,0,player,53.33,12.79
124,14.88,32,-1,referee,72.27,69.53
124,14.88,38,-1,referee,51.2,37.88
125,15.0,2,1,player,46.99,63.04
125,15.0,47,1,player,71.73,44.22
125,15.0,4,1,player,40.44,55.78
125,15.0,33,1,player,57.65,48.28
125,15.0,36,1,player,73.67,20.32
125,15.0,15,0,player,40.04,42.88
125,15.0,13,0,player,38.75,54.66
125,15.0,46,0,player,48.82,29.11
125,15.0,23,1,player,45.21,45.58
125,15.0,45,0,player,53.2,45.56
125,15.0,9,0,player,38.42,26.13
125,15.0,48,1,player,59.46,30.24
125,15.0,49,0,player,59.53,44.23
125,15.0,7,0,player,53.64,12.46
125,15.0,38,-1,referee,51.13,37.97
125,15.0,32,-1,referee,72.27,69.94
126,15.12,4,1,player,40.53,56.34
126,15.12,45,0,player,52.98,45.73
126,15.12,47,1,player,71.65,44.94
126,15.12,36,1,player,73.71,21.23
126,15.12,2,1,player,47.04,63.81
126,15.12,23,1,player,45.42,45.97
126,15.12,33,1,player,57.57,48.69
126,15.12,48,1,player,59.4,31.13
126,15.12,13,0,player,38.62,54.96
126,15.12,7,0,player,54.23,13.92
126,15.12,9,0,player,38.51,26.96
126,15.12,49,0,player,59.5,44.91
126,15.12,50,1,player,59.71,12.17
126,15.12,46,0,player,49.16,29.95
126,15.12,32,-1,referee,72.25,70.27
126,15.12,38,-1,referee,51.17,38.45
127,15.24,47,1,player,71.6,45.42
127,15.24,2,1,player,47.1,64.43
127,15.24,4,1,player,40.54,56.67
127,15.24,13,0,player,38.45,55.08
127,15.24,15,0,player,38.26,37.17
127,15.24,48,1,player,59.37,31.52
127,15.24,23,1,player,45.64,46.23
127,15.24,33,1,player,57.47,48.78
127,15.24,36,1,player,73.83,21.85
127,15.24,50,1,player,59.87,12.93
127,15.24,9,0,player,38.43,27.1
127,15.24,52,0,player,37.23,27.63
127,15.24,46,0,player,49.59,30.63
127,15.24,49,0,player,59.49,44.51
127,15.24,45,0,player,52.83,46.2
127,15.24,53,0,player,39.13,18.22
127,15.24,32,-1,referee,72.26,70.61
127,15.24,38,-1,referee,51.3,39.13
127,15.24,7,-1,referee,54.64,14.48
128,15.36,47,1,player,71.61,45.59
128,15.36,4,1,player,40.39,56.71
128,15.36,33,1,player,57.38,48.87
128,15.36,15,0,player,37.98,37.0
128,15.36,2,1,player,47.01,64.73
128,15.36,13,0,player,38.25,55.19
128,15.36,9,0,player,38.34,27.07
128,15.36,23,1,player,45.83,46.33
128,15.36,48,1,player,59.35,31.1
128,15.36,52,0,player,37.09,27.68
128,15.36,50,1,player,60.1,13.1
128,15.36,49,0,player,59.53,44.65
128,15.36,51,0,player,38.28,43.92
128,15.36,45,0,player,52.62,45.93
128,15.36,46,0,player,49.71,30.23
128,15.36,53,0,player,38.92,17.78
128,15.36,32,-1,referee,72.33,70.84
128,15.36,38,-1,referee,51.29,38.83
129,15.48,23,1,player,45.95,46.2
129,15.48,2,1,player,46.8,64.92
129,15.48,4,1,player,40.12,56.52
129,15.48,33,1,player,57.29,48.87
129,15.48,47,1,player,71.75,45.36
129,15.48,13,0,player,38.1,55.22
129,15.48,15,0,player,37.67,36.79
129,15.48,49,0,player,59.61,44.74
129,15.48,48,1,player,59.38,30.83
129,15.48,50,1,player,60.31,12.8
129,15.48,9,0,player,38.24,26.92
129,15.48,45,0,player,52.3,45.8
129,15.48,52,0,player,36.85,27.38
129,15.48,51,0,player,38.11,43.85
129,15.48,53,0,player,38.71,17.5
129,15.48,46,0,player,49.92,29.3
129,15.48,32,-1,referee,72.42,71.04
129,15.48,38,-1,referee,51.28,38.42
129,15.48,54,-1,referee,34.79,2.63
130,15.6,2,1,player,46.67,65.17
130,15.6,45,0,player,52.08,45.85
130,15.6,13,0,player,37.88,55.2
130,15.6,4,1,player,39.91,56.41
130,15.6,33,1,player,57.15,48.5
130,15.6,23,1,player,46.0,45.88
130,15.6,9,0,player,38.0,26.28
130,15.6,48,1,player,59.38,30.57
130,15.6,47,1,player,71.88,45.33
130,15.6,52,0,player,36.6,26.93
130,15.6,51,0,player,37.84,43.67
130,15.6,49,0,player,59.7,44.1
130,15.6,15,0,player,37.42,36.68
130,15.6,50,1,player,60.47,12.44
130,15.6,46,0,player,50.21,28.97
130,15.6,53,0,player,38.47,17.08
130,15.6,32,-1,referee,72.53,71.2
130,15.6,38,-1,referee,51.31,38.23
130,15.6,54,-1,referee,34.39,2.07
131,15.72,47,1,player,72.01,45.41
131,15.72,2,1,player,46.62,65.5
131,15.72,23,1,player,46.28,45.85
131,15.72,4,1,player,39.65,56.16
131,15.72,45,0,player,51.81,45.52
131,15.72,13,0,player,37.7,55.27
131,15.72,51,0,player,37.48,43.36
131,15.72,33,1,player,57.1,48.43
131,15.72,48,1,player,59.39,30.14
131,15.72,49,0,player,59.8,43.68
131,15.72,15,0,player,37.1,36.27
131,15.72,50,1,player,60.59,11.99
131,15.72,9,0,player,37.73,25.46
131,15.72,52,0,player,36.39,26.73
131,15.72,53,0,player,38.19,16.46
131,15.72,46,0,player,50.42,28.31
131,15.72,32,-1,referee,72.65,71.41
131,15.72,38,-1,referee,51.34,38.06
131,15.72,54,-1,referee,33.97,1.29
132,15.84,2,1,player,46.58,65.86
132,15.84,33,1,player,57.02,48.31
132,15.84,4,1,player,39.53,56.07
132,15.84,46,0,player,50.73,28.19
132,15.84,23,1,player,46.41,45.71
132,15.84,15,0,player,36.96,36.19
132,15.84,47,1,player,72.11,45.44
132,15.84,48,1,player,59.35,29.63
132,15.84,13,0,player,37.44,54.99
132,15.84,45,0,player,51.45,44.63
132,15.84,50,1,player,60.73,11.93
132,15.84,49,0,player,59.91,43.54
132,15.84,9,0,player,37.73,25.28
132,15.84,51,0,player,37.2,43.12
132,15.84,52,0,player,36.24,26.23
132,15.84,53,0,player,38.0,16.11
132,15.84,32,-1,referee,72.75,71.5
132,15.84,38,-1,referee,51.39,37.98
132,15.84,54,-1,referee,33.67,0.83
133,15.96,2,1,player,46.49,65.87
133,15.96,23,1,player,46.51,45.17
133,15.96,9,0,player,37.84,25.0
133,15.96,4,1,player,39.52,55.95
133,15.96,15,0,player,36.93,36.05
133,15.96,33,1,player,56.89,47.61
133,15.96,47,1,player,72.12,45.46
133,15.96,13,0,player,37.42,54.89
133,15.96,48,1,player,59.28,29.37
133,15.96,50,1,player,60.85,12.02
133,15.96,49,0,player,60.01,43.09
133,15.96,52,0,player,36.19,25.66
133,15.96,45,0,player,51.32,44.55
133,15.96,46,0,player,51.04,28.07
133,15.96,51,0,player,37.17,43.07
133,15.96,53,0,player,38.06,16.29
133,15.96,32,-1,referee,72.76,71.5
133,15.96,38,-1,referee,51.4,37.69
133,15.96,54,-1,referee,33.62,0.58
134,16.08,2,1,player,46.35,65.94
134,16.08,15,0,player,36.87,35.78
134,16.08,9,0,player,37.76,24.52
134,16.08,52,0,player,36.23,25.47
134,16.08,4,1,player,39.41,55.72
134,16.08,47,1,player,72.22,45.33
134,16.08,13,0,player,37.33,54.78
134,16.08,45,0,player,51.16,44.5
134,16.08,33,1,player,56.81,47.58
134,16.08,48,1,player,59.27,29.19
134,16.08,50,1,player,60.93,11.45
134,16.08,23,1,player,46.77,44.91
134,16.08,46,0,player,51.46,28.02
134,16.08,51,0,player,37.06,42.88
134,16.08,49,0,player,60.1,42.19
134,16.08,53,0,player,37.96,16.02
134,16.08,32,-1,referee,72.84,71.54
134,16.08,38,-1,referee,51.37,37.12
134,16.08,54,-1,referee,33.43,-0.01
135,16.2,47,1,player,71.92,43.16
135,16.2,52,0,player,38.64,22.96
135,16.2,2,1,player,46.73,63.54
135,16.2,4,1,player,40.38,52.69
135,16.2,55,1,player,40.04,41.57
135,16.2,23,1,player,48.06,42.0
135,16.2,15,0,player,38.75,32.92
135,16.2,48,1,player,59.82,27.25
135,16.2,33,1,player,57.24,44.92
135,16.2,50,1,player,61.52,11.08
135,16.2,13,0,player,38.37,51.59
135,16.2,45,0,player,51.78,41.11
135,16.2,46,0,player,52.87,25.44
135,16.2,49,0,player,60.62,40.03
135,16.2,9,0,player,40.22,22.12
135,16.2,51,0,player,38.61,39.76
135,16.2,53,0,player,40.61,14.52
135,16.2,32,-1,referee,72.74,69.97
135,16.2,38,-1,referee,52.51,34.56
135,16.2,54,-1,referee,37.12,0.06
136,16.32,47,1,player,72.12,43.03
136,16.32,2,1,player,46.66,63.89
136,16.32,55,1,player,39.76,41.3
136,16.32,33,1,player,57.16,44.79
136,16.32,52,0,player,38.56,22.32
136,16.32,23,1,player,48.11,41.6
136,16.32,49,0,player,60.77,39.37
136,16.32,48,1,player,59.83,26.72
136,16.32,4,1,player,40.16,52.36
136,16.32,15,0,player,38.42,32.43
136,16.32,13,0,player,38.15,51.39
136,16.32,50,1,player,61.59,10.11
136,16.32,45,0,player,51.54,40.76
136,16.32,46,0,player,53.03,25.08
136,16.32,56,0,player,62.5,21.59
136,16.32,9,0,player,40.12,21.42
136,16.32,51,0,player,38.4,39.6
136,16.32,53,0,player,40.35,13.91
136,16.32,32,-1,referee,72.89,69.99
136,16.32,38,-1,referee,52.58,34.13
136,16.32,54,-1,referee,36.77,-1.04
137,16.44,47,1,player,72.22,43.03
137,16.44,2,1,player,46.67,64.18
137,16.44,9,0,player,40.24,21.24
137,16.44,13,0,player,38.23,51.43
137,16.44,4,1,player,40.08,52.03
137,16.44,15,0,player,38.37,32.31
137,16.44,50,1,player,61.57,10.02
137,16.44,56,0,player,62.38,21.48
137,16.44,33,1,player,57.04,44.12
137,16.44,48,1,player,59.83,26.69
137,16.44,55,1,player,39.7,41.28
137,16.44,49,0,player,61.02,39.33
137,16.44,58,1,player,76.07,18.07
137,16.44,23,1,player,48.33,41.41
137,16.44,51,0,player,38.35,39.63
137,16.44,45,0,player,51.42,40.69
137,16.44,46,0,player,53.27,24.94
137,16.44,52,0,player,38.76,22.14
137,16.44,57,0,player,59.65,11.23
137,16.44,53,0,player,40.3,13.69
137,16.44,32,-1,referee,72.92,70.02
137,16.44,38,-1,referee,52.6,34.0
137,16.44,54,-1,referee,36.85,-0.95
138,16.56,2,1,player,46.58,64.21
138,16.56,9,0,player,40.32,21.34
138,16.56,47,1,player,72.51,43.07
138,16.56,13,0,player,38.24,51.41
138,16.56,33,1,player,56.97,44.05
138,16.56,23,1,player,48.47,41.31
138,16.56,15,0,player,38.41,32.34
138,16.56,48,1,player,59.77,26.56
138,16.56,52,0,player,38.92,22.12
138,16.56,56,0,player,62.3,21.63
138,16.56,50,1,player,61.5,9.86
138,16.56,4,1,player,40.16,51.92
138,16.56,45,0,player,51.3,40.49
138,16.56,55,1,player,39.69,41.29
138,16.56,49,0,player,61.27,39.31
138,16.56,58,1,player,75.94,18.49
138,16.56,46,0,player,53.47,25.0
138,16.56,53,0,player,40.32,13.41
138,16.56,51,0,player,38.37,39.79
138,16.56,57,0,player,59.7,11.16
138,16.56,32,-1,referee,72.96,70.03
138,16.56,38,-1,referee,52.63,33.79
138,16.56,54,-1,referee,36.95,-0.79
139,16.68,2,1,player,46.52,64.21
139,16.68,47,1,player,72.75,43.13
139,16.68,15,0,player,38.54,32.59
139,16.68,48,1,player,59.71,26.51
139,16.68,23,1,player,48.61,41.29
139,16.68,50,1,player,61.41,9.64
139,16.68,13,0,player,38.24,51.39
139,16.68,49,0,player,61.4,39.2
139,16.68,33,1,player,56.92,43.97
139,16.68,56,0,player,62.29,22.07
139,16.68,46,0,player,53.65,25.1
139,16.68,52,0,player,38.96,21.96
139,16.68,4,1,player,40.22,51.85
139,16.68,45,0,player,51.18,40.35
139,16.68,58,1,player,75.87,18.71
139,16.68,53,0,player,40.41,13.54
139,16.68,9,0,player,40.32,20.87
139,16.68,55,1,player,39.7,41.27
139,16.68,51,0,player,38.39,39.84
139,16.68,57,0,player,59.68,11.23
139,16.68,38,-1,referee,52.77,33.43
139,16.68,32,-1,referee,72.99,70.05
139,16.68,54,-1,referee,37.07,-0.51
140,16.8,47,1,player,72.87,43.19
140,16.8,2,1,player,46.54,64.38
140,16.8,4,1,player,40.15,51.45
140,16.8,23,1,player,48.73,41.09
140,16.8,48,1,player,59.66,26.49
140,16.8,49,0,player,61.53,38.86
140,16.8,15,0,player,38.64,32.63
140,16.8,33,1,player,56.86,43.76
140,16.8,50,1,player,61.33,9.57
140,16.8,45,0,player,50.99,40.04
140,16.8,46,0,player,53.69,25.06
140,16.8,53,0,player,40.44,13.42
140,16.8,56,0,player,62.34,22.16
140,16.8,58,1,player,75.86,18.64
140,16.8,13,0,player,38.3,51.32
140,16.8,55,1,player,39.69,41.25
140,16.8,9,0,player,40.46,20.61
140,16.8,52,0,player,39.17,21.79
140,16.8,51,0,player,38.36,39.77
140,16.8,57,0,player,59.66,11.9
140,16.8,32,-1,referee,72.99,70.06
140,16.8,38,-1,referee,52.93,33.29
140,16.8,54,-1,referee,37.15,-0.69
141,16.92,2,1,player,46.65,64.67
141,16.92,47,1,player,72.97,43.13
141,16.92,23,1,player,48.77,40.76
141,16.92,4,1,player,40.12,51.25
141,16.92,45,0,player,50.86,39.79
141,16.92,46,0,player,53.69,24.8
141,16.92,52,0,player,39.43,21.82
141,16.92,50,1,player,61.25,9.41
141,16.92,53,0,player,40.56,13.18
141,16.92,48,1,player,59.62,26.31
141,16.92,58,1,player,75.83,18.62
141,16.92,33,1,player,56.75,43.33
141,16.92,9,0,player,40.68,20.83
141,16.92,57,0,player,59.56,12.01
141,16.92,56,0,player,62.42,21.95
141,16.92,13,0,player,38.33,51.26
141,16.92,55,1,player,39.66,41.15
141,16.92,51,0,player,38.34,39.68
141,16.92,49,0,player,61.8,38.79
141,16.92,15,0,player,38.9,32.44
141,16.92,32,-1,referee,73.01,70.01
141,16.92,38,-1,referee,53.06,33.15
141,16.92,54,-1,referee,37.11,-1.4
142,17.04,47,1,player,73.13,43.23
142,17.04,2,1,player,46.67,64.75
142,17.04,4,1,player,40.18,51.26
142,17.04,52,0,player,39.53,21.71
142,17.04,15,0,player,39.03,32.31
142,17.04,33,1,player,56.61,43.07
142,17.04,9,0,player,40.83,20.66
142,17.04,49,0,player,61.98,38.59
142,17.04,48,1,player,59.58,26.26
142,17.04,23,1,player,48.9,40.61
142,17.04,45,0,player,50.73,39.58
142,17.04,58,1,player,75.79,18.71
142,17.04,50,1,player,61.23,8.9
142,17.04,46,0,player,53.74,24.9
142,17.04,56,0,player,62.46,22.27
142,17.04,53,0,player,40.57,13.05
142,17.04,55,1,player,39.64,41.03
142,17.04,13,0,player,38.32,51.2
142,17.04,57,0,player,59.46,12.97
142,17.04,51,0,player,38.32,39.62
142,17.04,32,-1,referee,73.02,69.97
142,17.04,38,-1,referee,53.1,33.05
142,17.04,54,-1,referee,37.08,-1.82
143,17.16,47,1,player,73.24,43.2
143,17.16,15,0,player,39.19,32.31
143,17.16,2,1,player,46.63,64.75
143,17.16,49,0,player,62.09,38.61
143,17.16,33,1,player,56.51,43.11
143,17.16,4,1,player,40.38,51.16
143,17.16,23,1,player,49.02,40.48
143,17.16,9,0,player,40.85,20.56
143,17.16,58,1,player,75.67,19.19
143,17.16,48,1,player,59.56,26.23
143,17.16,46,0,player,53.72,24.84
143,17.16,56,0,player,62.52,22.6
143,17.16,45,0,player,50.55,39.43
143,17.16,55,1,player,39.63,41.01
143,17.16,50,1,player,61.19,8.69
143,17.16,13,0,player,38.32,51.11
143,17.16,53,0,player,40.7,13.49
143,17.16,52,0,player,39.69,21.62
143,17.16,51,0,player,38.36,39.77
143,17.16,7,0,player,59.31,13.28
143,17.16,38,-1,referee,53.13,32.81
143,17.16,32,-1,referee,73.03,69.96
143,17.16,54,-1,referee,37.13,-1.57
144,17.28,47,1,player,73.28,43.37
144,17.28,4,1,player,40.4,51.17
144,17.28,2,1,player,46.57,64.78
144,17.28,49,0,player,62.13,38.44
144,17.28,15,0,player,39.28,32.38
144,17.28,33,1,player,56.37,42.99
144,17.28,9,0,player,40.81,20.36
144,17.28,23,1,player,49.01,40.36
144,17.28,58,1,player,75.39,19.05
144,17.28,45,0,player,50.39,39.52
144,17.28,46,0,player,53.64,24.88
144,17.28,48,1,player,59.47,26.2
144,17.28,55,1,player,39.56,40.89
144,17.28,50,1,player,61.09,8.41
144,17.28,52,0,player,39.84,21.64
144,17.28,53,0,player,40.68,13.46
144,17.28,13,0,player,38.36,51.0
144,17.28,56,0,player,62.66,22.71
144,17.28,51,0,player,38.39,39.98
144,17.28,57,0,player,59.09,13.52
144,17.28,32,-1,referee,73.01,69.92
144,17.28,38,-1,referee,53.2,32.51
144,17.28,54,-1,referee,37.01,-1.96
145,17.4,47,1,player,73.43,43.22
145,17.4,2,1,player,46.56,64.9
145,17.4,23,1,player,48.98,39.96
145,17.4,33,1,player,56.23,42.55
145,17.4,58,1,player,75.3,18.83
145,17.4,4,1,player,40.37,50.91
145,17.4,52,0,player,39.81,21.5
145,17.4,48,1,player,59.38,26.15
145,17.4,56,0,player,62.83,22.64
145,17.4,50,1,player,60.96,8.02
145,17.4,13,0,player,38.45,51.05
145,17.4,53,0,player,40.64,13.39
145,17.4,46,0,player,53.53,24.85
145,17.4,45,0,player,50.22,39.28
145,17.4,55,1,player,39.54,40.74
145,17.4,15,0,player,39.44,32.13
145,17.4,49,0,player,62.34,38.45
145,17.4,9,0,player,40.87,20.37
145,17.4,57,0,player,58.87,13.93
145,17.4,51,0,player,38.36,40.01
145,17.4,32,-1,referee,72.99,69.89
145,17.4,38,-1,referee,53.26,32.67
145,17.4,54,-1,referee,36.92,-2.09
146,17.52,2,1,player,46.63,65.22
146,17.52,23,1,player,49.04,39.85
146,17.52,47,1,player,73.71,43.25
146,17.52,52,0,player,39.89,21.5
146,17.52,58,1,player,75.16,19.42
146,17.52,33,1,player,56.15,42.24
146,17.52,56,0,player,63.0,22.73
146,17.52,50,1,player,60.84,7.91
146,17.52,13,0,player,38.49,51.0
146,17.52,49,0,player,62.48,38.38
146,17.52,4,1,player,40.51,50.84
146,17.52,15,0,player,39.72,32.31
146,17.52,45,0,player,50.05,39.07
146,17.52,55,1,player,39.58,40.68
146,17.52,53,0,player,40.63,13.36
146,17.52,51,0,player,38.31,40.0
146,17.52,48,1,player,59.31,26.07
146,17.52,9,0,player,40.99,20.22
146,17.52,46,0,player,53.49,24.99
146,17.52,57,0,player,58.64,13.91
146,17.52,32,-1,referee,72.96,69.88
146,17.52,38,-1,referee,53.37,32.74
146,17.52,54,-1,referee,36.95,-2.01
147,17.64,15,0,player,39.89,32.28
147,17.64,47,1,player,73.83,43.39
147,17.64,52,0,player,40.06,21.54
147,17.64,2,1,player,46.64,65.39
147,17.64,58,1,player,75.05,19.51
147,17.64,49,0,player,62.6,38.45
147,17.64,45,0,player,49.84,38.57
147,17.64,23,1,player,49.03,39.78
147,17.64,4,1,player,40.68,50.66
147,17.64,33,1,player,56.1,42.17
147,17.64,9,0,player,41.12,20.06
147,17.64,50,1,player,60.71,7.53
147,17.64,56,0,player,63.22,22.94
147,17.64,55,1,player,39.54,40.42
147,17.64,51,0,player,38.37,40.31
147,17.64,53,0,player,40.62,13.42
147,17.64,57,0,player,58.38,13.55
147,17.64,48,1,player,59.29,26.18
147,17.64,13,0,player,38.47,51.0
147,17.64,46,0,player,53.43,25.06
147,17.64,32,-1,referee,72.93,69.86
147,17.64,38,-1,referee,53.36,32.67
147,17.64,54,-1,referee,36.95,-2.14
148,17.76,47,1,player,73.91,43.67
148,17.76,2,1,player,46.63,65.4
148,17.76,23,1,player,48.99,39.78
148,17.76,4,1,player,40.76,50.7
148,17.76,15,0,player,40.03,32.32
148,17.76,9,0,player,41.19,20.05
148,17.76,56,0,player,63.58,22.73
148,17.76,33,1,player,56.04,42.06
148,17.76,58,1,player,74.96,19.74
148,17.76,13,0,player,38.61,51.01
148,17.76,52,0,player,40.25,21.45
148,17.76,51,0,player,38.41,40.5
148,17.76,50,1,player,60.6,7.46
148,17.76,57,0,player,58.24,14.22
148,17.76,45,0,player,49.7,38.65
148,17.76,49,0,player,62.73,38.41
148,17.76,55,1,player,39.66,40.45
148,17.76,53,0,player,40.75,13.91
148,17.76,48,1,player,59.29,26.23
148,17.76,46,0,player,53.37,25.09
148,17.76,32,-1,referee,72.9,69.85
148,17.76,38,-1,referee,53.37,32.63
148,17.76,54,-1,referee,36.98,-2.07
149,17.88,47,1,player,74.01,43.68
149,17.88,2,1,player,46.64,65.41
149,17.88,23,1,player,48.86,39.18
149,17.88,4,1,player,40.74,50.63
149,17.88,13,0,player,38.79,51.14
149,17.88,56,0,player,63.85,22.96
149,17.88,52,0,player,40.39,21.66
149,17.88,51,0,player,38.45,40.64
149,17.88,9,0,player,41.15,19.89
149,17.88,50,1,player,60.52,7.3
149,17.88,55,1,player,39.66,40.41
149,17.88,33,1,player,55.96,41.83
149,17.88,15,0,player,40.29,32.24
149,17.88,58,1,player,74.8,19.64
149,17.88,57,0,player,57.91,14.3
149,17.88,46,0,player,53.35,25.1
149,17.88,53,0,player,40.83,14.29
149,17.88,48,1,player,59.28,26.2
149,17.88,49,0,player,62.87,38.62
149,17.88,45,0,player,49.55,38.57
149,17.88,32,-1,referee,72.86,69.85
149,17.88,38,-1,referee,53.42,32.6
149,17.88,54,-1,referee,36.97,-2.16
150,18.0,2,1,player,47.08,65.5
150,18.0,47,1,player,74.02,43.97
150,18.0,45,0,player,50.15,38.9
150,18.0,4,1,player,41.45,50.56
150,18.0,58,1,player,74.27,20.89
150,18.0,51,0,player,39.32,40.79
150,18.0,13,0,player,39.54,51.22
150,18.0,33,1,player,56.33,41.64
150,18.0,55,1,player,40.5,40.31
150,18.0,15,0,player,41.49,32.57
150,18.0,23,1,player,49.43,39.25
150,18.0,57,0,player,58.2,15.53
150,18.0,53,0,player,42.05,15.27
150,18.0,50,1,player,60.93,8.76
150,18.0,46,0,player,53.98,25.85
150,18.0,49,0,player,63.23,39.22
150,18.0,48,1,player,59.71,26.85
150,18.0,52,0,player,41.71,22.61
150,18.0,9,0,player,42.34,20.53
150,18.0,56,0,player,64.55,23.93
150,18.0,32,-1,referee,72.8,69.87
150,18.0,38,-1,referee,54.07,32.9
150,18.0,54,-1,referee,38.62,-0.36
151,18.12,2,1,player,47.16,65.72
151,18.12,15,0,player,41.68,32.77
151,18.12,47,1,player,74.09,44.32
151,18.12,33,1,player,56.27,41.62
151,18.12,51,0,player,39.33,40.88
151,18.12,58,1,player,74.23,20.98
151,18.12,56,0,player,64.86,23.9
151,18.12,23,1,player,49.33,39.14
151,18.12,49,0,player,63.22,39.36
151,18.12,45,0,player,50.03,38.84
151,18.12,46,0,player,53.96,26.27
151,18.12,4,1,player,41.59,50.54
151,18.12,50,1,player,60.83,8.5
151,18.12,55,1,player,40.48,39.93
151,18.12,13,0,player,39.66,51.27
151,18.12,48,1,player,59.71,26.69
151,18.12,57,0,player,58.01,16.38
151,18.12,53,0,player,42.02,15.39
151,18.12,52,0,player,41.79,22.54
151,18.12,9,0,player,42.47,20.64
151,18.12,32,-1,referee,72.76,69.87
151,18.12,38,-1,referee,54.09,32.94
151,18.12,54,-1,referee,38.65,-0.23
152,18.24,2,1,player,47.19,65.77
152,18.24,33,1,player,56.23,41.71
152,18.24,47,1,player,74.07,44.53
152,18.24,15,0,player,41.83,32.94
152,18.24,58,1,player,74.08,21.11
152,18.24,56,0,player,65.13,23.42
152,18.24,23,1,player,49.19,38.95
152,18.24,50,1,player,60.75,8.46
152,18.24,51,0,player,39.31,40.91
152,18.24,48,1,player,59.7,26.66
152,18.24,13,0,player,39.88,51.53
152,18.24,4,1,player,41.67,50.51
152,18.24,55,1,player,40.58,40.02
152,18.24,52,0,player,41.98,22.86
152,18.24,57,0,player,57.8,16.73
152,18.24,46,0,player,53.92,26.37
152,18.24,49,0,player,63.23,39.49
152,18.24,9,0,player,42.53,20.88
152,18.24,45,0,player,49.85,38.78
152,18.24,53,0,player,42.02,15.5
152,18.24,32,-1,referee,72.74,69.86
152,18.24,38,-1,referee,54.04,32.96
152,18.24,54,-1,referee,38.66,-0.29
153,18.36,2,1,player,47.23,65.8
153,18.36,4,1,player,41.85,50.5
153,18.36,58,1,player,73.88,21.2
153,18.36,23,1,player,49.02,38.67
153,18.36,13,0,player,40.08,51.68
153,18.36,47,1,player,74.16,44.55
153,18.36,48,1,player,59.76,26.9
153,18.36,33,1,player,56.2,41.58
153,18.36,52,0,player,42.1,23.14
153,18.36,55,1,player,40.64,39.83
153,18.36,9,0,player,42.59,20.76
153,18.36,50,1,player,60.71,8.48
153,18.36,57,0,player,57.56,16.71
153,18.36,51,0,player,39.32,41.06
153,18.36,15,0,player,42.02,32.64
153,18.36,49,0,player,63.39,39.47
153,18.36,45,0,player,49.75,38.8
153,18.36,53,0,player,42.0,15.52
153,18.36,46,0,player,53.92,26.5
153,18.36,56,0,player,65.48,23.68
153,18.36,32,-1,referee,72.73,69.86
153,18.36,38,-1,referee,53.99,33.0
153,18.36,54,-1,referee,38.71,-0.17
154,18.48,2,1,player,47.31,65.91
154,18.48,4,1,player,41.87,50.56
154,18.48,58,1,player,73.66,21.26
154,18.48,57,0,player,57.37,16.95
154,18.48,23,1,player,48.91,38.56
154,18.48,52,0,player,42.13,23.23
154,18.48,47,1,player,74.33,44.58
154,18.48,55,1,player,40.73,39.8
154,18.48,13,0,player,40.2,51.77
154,18.48,48,1,player,59.84,26.82
154,18.48,33,1,player,56.18,41.07
154,18.48,15,0,player,42.34,32.94
154,18.48,49,0,player,63.47,39.41
154,18.48,46,0,player,53.87,26.67
154,18.48,9,0,player,42.64,20.81
154,18.48,50,1,player,60.65,8.38
154,18.48,45,0,player,49.69,38.94
154,18.48,51,0,player,39.36,41.29
154,18.48,56,0,player,65.88,23.36
154,18.48,53,0,player,41.98,15.56
154,18.48,32,-1,referee,72.71,69.86
154,18.48,38,-1,referee,53.96,33.06
154,18.48,54,-1,referee,38.66,-0.27
155,18.6,47,1,player,74.35,44.86
155,18.6,2,1,player,47.4,66.18
155,18.6,55,1,player,40.71,39.76
155,18.6,4,1,player,41.91,50.54
155,18.6,15,0,player,42.56,32.99
155,18.6,58,1,player,73.31,21.33
155,18.6,46,0,player,53.82,26.78
155,18.6,52,0,player,42.12,23.43
155,18.6,49,0,player,63.52,39.57
155,18.6,33,1,player,56.22,40.95
155,18.6,23,1,player,48.8,38.39
155,18.6,13,0,player,40.33,51.78
155,18.6,48,1,player,59.98,27.02
155,18.6,57,0,player,57.23,17.33
155,18.6,51,0,player,39.38,41.3
155,18.6,50,1,player,60.56,8.29
155,18.6,56,0,player,66.37,23.23
155,18.6,9,0,player,42.72,20.98
155,18.6,45,0,player,49.66,39.04
155,18.6,53,0,player,41.88,15.15
155,18.6,32,-1,referee,72.7,69.87
155,18.6,38,-1,referee,53.94,33.11
155,18.6,54,-1,referee,38.67,-0.16
156,18.72,47,1,player,74.39,45.13
156,18.72,2,1,player,47.48,66.47
156,18.72,52,0,player,42.12,23.85
156,18.72,48,1,player,60.16,27.25
156,18.72,55,1,player,40.64,39.39
156,18.72,15,0,player,42.66,32.93
156,18.72,23,1,player,48.68,38.25
156,18.72,33,1,player,56.27,40.82
156,18.72,56,0,player,66.66,23.53
156,18.72,51,0,player,39.52,41.48
156,18.72,57,0,player,56.98,17.27
156,18.72,58,1,player,73.04,21.88
156,18.72,13,0,player,40.46,51.82
156,18.72,46,0,player,53.78,26.82
156,18.72,4,1,player,41.94,50.27
156,18.72,49,0,player,63.58,39.62
156,18.72,50,1,player,60.48,8.2
156,18.72,9,0,player,42.76,21.05
156,18.72,45,0,player,49.64,39.14
156,18.72,53,0,player,42.05,15.96
156,18.72,32,-1,referee,72.7,69.87
156,18.72,38,-1,referee,53.91,33.11
156,18.72,54,-1,referee,38.71,-0.18
157,18.84,2,1,player,47.5,66.54
157,18.84,47,1,player,74.43,45.15
157,18.84,58,1,player,72.71,22.01
157,18.84,52,0,player,42.12,24.06
157,18.84,33,1,player,56.31,40.76
157,18.84,15,0,player,42.7,32.86
157,18.84,4,1,player,42.09,50.32
157,18.84,23,1,player,48.6,38.32
157,18.84,51,0,player,39.7,41.67
157,18.84,57,0,player,56.87,17.71
157,18.84,55,1,player,40.71,39.14
157,18.84,13,0,player,40.64,52.13
157,18.84,48,1,player,60.2,27.32
157,18.84,56,0,player,66.85,23.7
157,18.84,50,1,player,60.41,8.1
157,18.84,9,0,player,42.83,21.14
157,18.84,49,0,player,63.61,39.82
157,18.84,46,0,player,53.74,26.84
157,18.84,45,0,player,49.67,39.14
157,18.84,53,0,player,42.09,16.14
157,18.84,32,-1,referee,72.7,69.86
157,18.84,38,-1,referee,53.85,33.05
157,18.84,54,-1,referee,38.79,-0.09
158,18.96,23,1,player,48.46,38.11
158,18.96,2,1,player,47.53,66.56
158,18.96,33,1,player,56.36,40.49
158,18.96,47,1,player,74.53,45.18
158,18.96,57,0,player,56.66,17.93
158,18.96,15,0,player,42.86,33.31
158,18.96,4,1,player,42.25,50.29
158,18.96,13,0,player,40.75,52.16
158,18.96,58,1,player,72.21,21.93
158,18.96,51,0,player,39.88,41.91
158,18.96,45,0,player,49.72,39.08
158,18.96,52,0,player,42.24,24.05
158,18.96,48,1,player,60.22,27.72
158,18.96,55,1,player,40.82,39.06
158,18.96,9,0,player,42.87,21.26
158,18.96,50,1,player,60.36,7.97
158,18.96,56,0,player,67.15,23.49
158,18.96,49,0,player,63.58,40.2
158,18.96,46,0,player,53.72,27.0
158,18.96,53,0,player,42.17,16.48
158,18.96,32,-1,referee,72.7,69.86
158,18.96,38,-1,referee,53.77,33.03
158,18.96,54,-1,referee,38.92,-0.02
159,19.08,2,1,player,47.53,66.53
159,19.08,13,0,player,40.95,52.23
159,19.08,55,1,player,41.05,39.09
159,19.08,47,1,player,74.55,45.62
159,19.08,57,0,player,56.56,18.39
159,19.08,23,1,player,48.37,38.03
159,19.08,4,1,player,42.25,50.25
159,19.08,45,0,player,49.76,39.15
159,19.08,33,1,player,56.39,40.41
159,19.08,51,0,player,39.94,41.95
159,19.08,49,0,player,63.53,40.24
159,19.08,52,0,player,42.22,24.08
159,19.08,15,0,player,42.88,33.38
159,19.08,58,1,player,71.79,22.02
159,19.08,50,1,player,60.31,7.68
159,19.08,9,0,player,42.94,21.53
159,19.08,46,0,player,53.7,27.26
159,19.08,48,1,player,60.17,27.65
159,19.08,56,0,player,67.37,23.58
159,19.08,53,0,player,42.08,16.34
159,19.08,32,-1,referee,72.7,69.85
159,19.08,38,-1,referee,53.63,32.95
159,19.08,54,-1,referee,38.95,0.02
160,19.2,2,1,player,47.64,66.79
160,19.2,55,1,player,41.05,39.06
160,19.2,13,0,player,41.21,53.15
160,19.2,33,1,player,56.39,40.36
160,19.2,47,1,player,74.53,45.74
160,19.2,49,0,player,63.44,40.23
160,19.2,45,0,player,49.75,39.31
160,19.2,51,0,player,40.04,42.04
160,19.2,23,1,player,48.3,38.05
160,19.2,4,1,player,42.23,50.18
160,19.2,52,0,player,42.22,24.38
160,19.2,15,0,player,42.9,33.41
160,19.2,57,0,player,56.41,18.5
160,19.2,46,0,player,53.64,27.21
160,19.2,50,1,player,60.25,7.66
160,19.2,48,1,player,60.19,27.7
160,19.2,58,1,player,71.58,21.89
160,19.2,56,0,player,67.48,23.34
160,19.2,9,0,player,42.89,21.52
160,19.2,53,0,player,41.96,16.2
160,19.2,32,-1,referee,72.67,69.87
160,19.2,38,-1,referee,53.54,33.12
160,19.2,54,-1,referee,38.93,0.04
161,19.32,2,1,player,47.73,66.97
161,19.32,51,0,player,40.18,42.24
161,19.32,33,1,player,56.36,40.18
161,19.32,47,1,player,74.48,45.81
161,19.32,55,1,player,41.1,39.01
161,19.32,23,1,player,48.16,37.83
161,19.32,48,1,player,60.29,27.59
161,19.32,13,0,player,41.27,53.74
161,19.32,49,0,player,63.36,40.37
161,19.32,4,1,player,42.32,50.18
161,19.32,52,0,player,42.2,24.42
161,19.32,50,1,player,60.2,7.55
161,19.32,45,0,player,49.79,39.39
161,19.32,56,0,player,67.59,22.96
161,19.32,58,1,player,71.6,21.85
161,19.32,15,0,player,42.84,33.41
161,19.32,46,0,player,53.56,27.34
161,19.32,57,0,player,56.25,18.49
161,19.32,9,0,player,42.78,21.48
161,19.32,53,0,player,42.02,16.85
161,19.32,32,-1,referee,72.64,69.86
161,19.32,38,-1,referee,53.49,33.06
161,19.32,54,-1,referee,38.95,0.03
162,19.44,2,1,player,47.81,67.09
162,19.44,13,0,player,41.23,54.03
162,19.44,23,1,player,47.95,37.39
162,19.44,47,1,player,74.46,45.76
162,19.44,48,1,player,60.32,27.47
162,19.44,49,0,player,63.26,40.37
162,19.44,4,1,player,42.38,50.15
162,19.44,51,0,player,40.26,42.4
162,19.44,33,1,player,56.26,39.58
162,19.44,58,1,player,71.57,21.83
162,19.44,55,1,player,41.07,38.75
162,19.44,56,0,player,67.61,22.68
162,19.44,52,0,player,42.11,24.57
162,19.44,15,0,player,42.77,33.44
162,19.44,57,0,player,56.04,18.29
162,19.44,9,0,player,42.74,21.63
162,19.44,50,1,player,60.11,6.96
162,19.44,46,0,player,53.48,27.66
162,19.44,45,0,player,49.91,39.37
162,19.44,53,0,player,41.72,16.06
162,19.44,32,-1,referee,72.61,69.87
162,19.44,38,-1,referee,53.35,33.01
162,19.44,54,-1,referee,38.99,-0.17
163,19.56,2,1,player,47.8,67.08
163,19.56,49,0,player,63.15,40.33
163,19.56,4,1,player,42.41,50.16
163,19.56,13,0,player,41.36,54.63
163,19.56,47,1,player,74.41,45.81
163,19.56,48,1,player,60.26,27.55
163,19.56,33,1,player,56.19,39.57
163,19.56,15,0,player,42.68,33.47
163,19.56,55,1,player,41.11,38.73
163,19.56,58,1,player,71.6,22.24
163,19.56,23,1,player,47.83,37.33
163,19.56,56,0,player,67.63,22.47
163,19.56,45,0,player,49.94,39.32
163,19.56,52,0,player,41.91,24.56
163,19.56,46,0,player,53.35,27.71
163,19.56,57,0,player,55.85,17.73
163,19.56,51,0,player,40.38,42.42
163,19.56,50,1,player,59.98,6.81
163,19.56,9,0,player,42.65,21.77
163,19.56,53,0,player,41.71,16.74
163,19.56,32,-1,referee,72.57,69.84
163,19.56,38,-1,referee,53.21,33.03
163,19.56,54,-1,referee,38.96,-0.21
164,19.68,2,1,player,47.79,67.12
164,19.68,4,1,player,42.41,50.19
164,19.68,58,1,player,71.51,22.61
164,19.68,47,1,player,74.36,45.82
164,19.68,15,0,player,42.61,33.61
164,19.68,55,1,player,41.11,38.66
164,19.68,48,1,player,60.16,27.15
164,19.68,33,1,player,56.15,39.51
164,19.68,56,0,player,67.64,22.7
164,19.68,49,0,player,62.97,40.23
164,19.68,45,0,player,49.96,39.34
164,19.68,57,0,player,55.79,17.22
164,19.68,13,0,player,41.09,54.75
164,19.68,23,1,player,47.7,37.25
164,19.68,51,0,player,40.53,42.49
164,19.68,52,0,player,41.66,24.56
164,19.68,50,1,player,59.95,6.91
164,19.68,46,0,player,53.23,27.75
164,19.68,9,0,player,42.41,21.91
164,19.68,53,0,player,41.54,16.86
164,19.68,32,-1,referee,72.54,69.83
164,19.68,38,-1,referee,53.05,33.04
164,19.68,54,-1,referee,38.93,-0.27
165,19.8,2,1,player,47.96,66.97
165,19.8,23,1,player,47.9,37.62
165,19.8,15,0,player,42.78,33.55
165,19.8,58,1,player,72.36,22.64
165,19.8,4,1,player,42.65,50.16
165,19.8,47,1,player,74.96,46.18
165,19.8,55,1,player,41.37,38.86
165,19.8,48,1,player,60.67,27.27
165,19.8,49,0,player,63.26,40.51
165,19.8,13,0,player,41.16,54.81
165,19.8,57,0,player,56.21,17.2
165,19.8,45,0,player,50.28,39.55
165,19.8,52,0,player,41.84,25.04
165,19.8,51,0,player,41.01,42.85
165,19.8,33,1,player,56.5,39.73
165,19.8,56,0,player,68.34,22.47
165,19.8,46,0,player,53.47,27.66
165,19.8,50,1,player,60.7,6.97
165,19.8,9,0,player,42.52,22.02
165,19.8,53,0,player,41.75,17.0
165,19.8,32,-1,referee,72.76,70.01
165,19.8,38,-1,referee,53.33,33.38
165,19.8,54,-1,referee,39.35,-0.08
166,19.92,2,1,player,47.9,67.02
166,19.92,47,1,player,74.73,46.15
166,19.92,48,1,player,60.64,27.09
166,19.92,13,0,player,41.0,54.95
166,19.92,51,0,player,41.03,42.83
166,19.92,52,0,player,41.53,24.79
166,19.92,4,1,player,42.47,49.93
166,19.92,33,1,player,56.39,39.3
166,19.92,15,0,player,42.62,33.44
166,19.92,56,0,player,68.17,22.29
166,19.92,23,1,player,47.65,37.19
166,19.92,58,1,player,72.36,22.69
166,19.92,55,1,player,41.27,38.75
166,19.92,45,0,player,50.22,39.5
166,19.92,50,1,player,60.68,7.05
166,19.92,49,0,player,63.11,40.44
166,19.92,46,0,player,53.35,27.95
166,19.92,57,0,player,55.92,16.77
166,19.92,9,0,player,42.29,22.04
166,19.92,53,0,player,41.58,17.17
166,19.92,32,-1,referee,72.65,69.98
166,19.92,38,-1,referee,53.19,33.44
166,19.92,54,-1,referee,39.3,-0.14
167,20.04,2,1,player,47.86,67.02
167,20.04,47,1,player,74.55,46.18
167,20.04,48,1,player,60.66,27.12
167,20.04,51,0,player,41.1,42.96
167,20.04,13,0,player,40.88,54.94
167,20.04,9,0,player,42.16,22.17
167,20.04,33,1,player,56.31,39.18
167,20.04,45,0,player,50.33,39.49
167,20.04,15,0,player,42.52,33.48
167,20.04,52,0,player,41.18,24.79
167,20.04,23,1,player,47.51,37.13
167,20.04,4,1,player,42.38,49.79
167,20.04,56,0,player,67.91,22.07
167,20.04,49,0,player,62.91,40.54
167,20.04,58,1,player,72.44,22.92
167,20.04,50,1,player,60.68,6.93
167,20.04,55,1,player,41.18,38.6
167,20.04,46,0,player,53.22,27.65
167,20.04,57,0,player,55.78,16.08
167,20.04,53,0,player,41.36,17.23
167,20.04,32,-1,referee,72.56,70.03
167,20.04,38,-1,referee,53.07,33.39
167,20.04,54,-1,referee,39.31,-0.03
168,20.16,2,1,player,47.81,67.07
168,20.16,33,1,player,56.26,39.15
168,20.16,47,1,player,74.41,46.12
168,20.16,58,1,player,72.49,23.09
168,20.16,13,0,player,40.74,54.95
168,20.16,48,1,player,60.64,26.65
168,20.16,23,1,player,47.42,37.2
168,20.16,45,0,player,50.32,39.47
168,20.16,55,1,player,41.08,38.37
168,20.16,4,1,player,42.38,49.76
168,20.16,51,0,player,41.08,42.78
168,20.16,15,0,player,42.44,33.45
168,20.16,56,0,player,67.75,21.65
168,20.16,52,0,player,40.88,24.61
168,20.16,49,0,player,62.74,40.23
168,20.16,50,1,player,60.7,7.03
168,20.16,57,0,player,55.79,15.65
168,20.16,9,0,player,41.73,21.87
168,20.16,46,0,player,53.14,27.3
168,20.16,53,0,player,40.95,16.87
168,20.16,32,-1,referee,72.52,70.07
168,20.16,38,-1,referee,52.92,33.16
168,20.16,54,-1,referee,39.45,0.25
169,20.28,47,1,player,74.27,46.2
169,20.28,33,1,player,56.22,39.13
169,20.28,58,1,player,72.5,23.13
169,20.28,2,1,player,47.76,67.1
169,20.28,48,1,player,60.62,26.65
169,20.28,55,1,player,41.06,38.4
169,20.28,52,0,player,40.73,24.79
169,20.28,50,1,player,60.81,7.22
169,20.28,23,1,player,47.35,37.05
169,20.28,15,0,player,42.24,33.07
169,20.28,4,1,player,42.41,49.77
169,20.28,45,0,player,50.14,38.98
169,20.28,51,0,player,41.13,42.72
169,20.28,49,0,player,62.61,40.23
169,20.28,13,0,player,40.66,54.74
169,20.28,57,0,player,55.76,15.19
169,20.28,56,0,player,67.54,21.51
169,20.28,46,0,player,53.17,27.28
169,20.28,9,0,player,41.47,21.68
169,20.28,53,0,player,40.77,17.17
169,20.28,32,-1,referee,72.5,70.08
169,20.28,38,-1,referee,52.86,33.17
169,20.28,54,-1,referee,39.52,0.78
170,20.4,2,1,player,47.7,67.11
170,20.4,33,1,player,56.16,38.87
170,20.4,48,1,player,60.62,26.65
170,20.4,55,1,player,41.06,38.36
170,20.4,52,0,player,40.62,24.86
170,20.4,47,1,player,74.2,45.82
170,20.4,4,1,player,42.44,49.67
170,20.4,51,0,player,41.14,42.62
170,20.4,23,1,player,47.24,36.73
170,20.4,15,0,player,42.1,32.83
170,20.4,57,0,player,55.81,14.74
170,20.4,45,0,player,50.02,38.9
170,20.4,58,1,player,72.71,23.19
170,20.4,13,0,player,40.59,54.56
170,20.4,46,0,player,53.17,26.83
170,20.4,49,0,player,62.54,40.3
170,20.4,50,1,player,60.88,7.09
170,20.4,56,0,player,67.25,21.51
170,20.4,9,0,player,41.14,21.3
170,20.4,53,0,player,40.51,17.22
170,20.4,32,-1,referee,72.48,70.1
170,20.4,38,-1,referee,52.87,33.36
170,20.4,54,-1,referee,39.43,0.58
171,20.52,2,1,player,47.68,67.15
171,20.52,52,0,player,40.28,24.55
171,20.52,13,0,player,40.53,54.6
171,20.52,4,1,player,42.44,49.53
171,20.52,56,0,player,67.06,21.49
171,20.52,33,1,player,56.11,38.84
171,20.52,48,1,player,60.63,26.41
171,20.52,49,0,player,62.42,40.22
171,20.52,55,1,player,41.06,38.32
171,20.52,51,0,player,41.19,42.67
171,20.52,15,0,player,42.03,32.77
171,20.52,47,1,player,74.04,45.86
171,20.52,45,0,player,49.99,38.87
171,20.52,23,1,player,47.18,36.72
171,20.52,57,0,player,55.88,14.0
171,20.52,46,0,player,53.12,26.82
171,20.52,58,1,player,72.92,23.25
171,20.52,50,1,player,60.97,7.76
171,20.52,9,0,player,40.89,21.3
171,20.52,53,0,player,40.31,17.49
171,20.52,32,-1,referee,72.4,70.14
171,20.52,38,-1,referee,52.86,33.3
171,20.52,54,-1,referee,39.17,0.4
172,20.64,2,1,player,47.59,67.07
172,20.64,4,1,player,42.38,49.35
172,20.64,47,1,player,73.82,45.94
172,20.64,56,0,player,66.8,21.86
172,20.64,13,0,player,40.42,54.38
172,20.64,58,1,player,73.12,23.47
172,20.64,52,0,player,40.0,24.32
172,20.64,48,1,player,60.68,26.41
172,20.64,45,0,player,50.02,38.94
172,20.64,33,1,player,56.09,38.93
172,20.64,15,0,player,41.9,32.67
172,20.64,49,0,player,62.41,39.99
172,20.64,51,0,player,41.17,42.47
172,20.64,55,1,player,41.05,38.21
172,20.64,23,1,player,47.09,36.68
172,20.64,46,0,player,53.09,26.43
172,20.64,57,0,player,56.03,14.02
172,20.64,50,1,player,60.97,7.68
172,20.64,9,0,player,40.76,21.36
172,20.64,53,0,player,40.26,17.91
172,20.64,32,-1,referee,72.29,70.24
172,20.64,38,-1,referee,52.8,32.75
172,20.64,54,-1,referee,39.18,0.37
173,20.76,2,1,player,47.49,66.99
173,20.76,4,1,player,42.4,49.33
173,20.76,47,1,player,73.78,45.98
173,20.76,48,1,player,60.77,26.12
173,20.76,58,1,player,73.32,23.7
173,20.76,46,0,player,53.14,26.16
173,20.76,52,0,player,39.71,23.47
173,20.76,49,0,player,62.41,39.73
173,20.76,33,1,player,56.13,38.9
173,20.76,55,1,player,41.08,38.13
173,20.76,51,0,player,41.17,42.28
173,20.76,45,0,player,50.04,38.66
173,20.76,13,0,player,40.24,53.91
173,20.76,23,1,player,47.12,36.8
173,20.76,15,0,player,41.81,32.54
173,20.76,56,0,player,66.45,21.86
173,20.76,50,1,player,61.09,7.78
173,20.76,57,0,player,56.24,12.85
173,20.76,9,0,player,40.47,20.95
173,20.76,53,0,player,40.07,18.03
173,20.76,32,-1,referee,72.26,70.26
173,20.76,38,-1,referee,52.83,32.75
173,20.76,54,-1,referee,39.26,0.93
174,20.88,2,1,player,47.51,67.02
174,20.88,4,1,player,42.47,49.35
174,20.88,51,0,player,41.25,42.19
174,20.88,47,1,player,73.79,45.91
174,20.88,49,0,player,62.49,39.84
174,20.88,58,1,player,73.52,23.81
174,20.88,55,1,player,41.16,38.1
174,20.88,23,1,player,47.11,36.57
174,20.88,46,0,player,53.29,26.05
174,20.88,45,0,player,50.09,38.56
174,20.88,52,0,player,39.87,24.13
174,20.88,48,1,player,60.91,25.84
174,20.88,33,1,player,56.2,38.63
174,20.88,56,0,player,66.37,21.92
174,20.88,15,0,player,41.72,32.43
174,20.88,13,0,player,40.29,53.74
174,20.88,50,1,player,61.19,7.88
174,20.88,9,0,player,40.35,21.14
174,20.88,53,0,player,39.75,17.89
174,20.88,32,-1,referee,72.29,70.24
174,20.88,38,-1,referee,52.94,32.85
174,20.88,54,-1,referee,39.35,1.42
175,21.0,2,1,player,47.54,67.08
175,21.0,4,1,player,42.54,49.21
175,21.0,49,0,player,62.59,39.95
175,21.0,52,0,player,39.91,24.18
175,21.0,23,1,player,47.16,36.53
175,21.0,48,1,player,61.05,26.14
175,21.0,15,0,player,41.74,32.57
175,21.0,46,0,player,53.42,25.95
175,21.0,56,0,player,66.27,22.25
175,21.0,47,1,player,73.72,45.94
175,21.0,51,0,player,41.37,42.18
175,21.0,13,0,player,40.31,53.52
175,21.0,55,1,player,41.28,38.12
175,21.0,33,1,player,56.27,38.5
175,21.0,45,0,player,50.21,38.56
175,21.0,50,1,player,61.29,7.93
175,21.0,58,1,player,73.91,24.04
175,21.0,9,0,player,40.24,20.88
175,21.0,53,0,player,39.73,18.22
175,21.0,32,-1,referee,72.27,70.34
175,21.0,38,-1,referee,53.02,32.87
175,21.0,54,-1,referee,39.24,1.06
176,21.12,2,1,player,47.51,66.91
176,21.12,47,1,player,73.67,46.02
176,21.12,4,1,player,42.59,48.96
176,21.12,23,1,player,47.28,36.55
176,21.12,52,0,player,39.69,23.56
176,21.12,49,0,player,62.72,39.56
176,21.12,51,0,player,41.5,42.1
176,21.12,15,0,player,41.7,32.48
176,21.12,13,0,player,40.17,53.02
176,21.12,48,1,player,61.2,25.92
176,21.12,46,0,player,53.48,25.47
176,21.12,55,1,player,41.4,38.13
176,21.12,33,1,player,56.37,38.54
176,21.12,45,0,player,50.34,38.59
176,21.12,58,1,player,74.26,24.09
176,21.12,50,1,player,61.39,7.94
176,21.12,9,0,player,40.08,20.8
176,21.12,56,0,player,66.11,21.82
176,21.12,53,0,player,39.81,18.76
176,21.12,32,-1,referee,72.32,70.37
176,21.12,38,-1,referee,53.07,32.46
176,21.12,54,-1,referee,39.18,1.24
177,21.24,47,1,player,73.59,46.11
177,21.24,49,0,player,62.82,39.34
177,21.24,2,1,player,47.33,66.51
177,21.24,15,0,player,41.46,32.2
177,21.24,58,1,player,74.58,24.12
177,21.24,23,1,player,47.38,36.49
177,21.24,13,0,player,40.17,52.85
177,21.24,46,0,player,53.45,25.25
177,21.24,55,1,player,41.42,37.89
177,21.24,4,1,player,42.65,48.78
177,21.24,52,0,player,39.6,23.93
177,21.24,33,1,player,56.42,38.49
177,21.24,45,0,player,50.41,38.45
177,21.24,51,0,player,41.52,41.73
177,21.24,56,0,player,66.05,22.14
177,21.24,48,1,player,61.32,25.42
177,21.24,9,0,player,39.82,20.37
177,21.24,50,1,player,61.5,7.8
177,21.24,53,0,player,39.6,18.23
177,21.24,32,-1,referee,72.36,70.35
177,21.24,38,-1,referee,53.14,32.24
177,21.24,54,-1,referee,39.23,1.45
178,21.36,47,1,player,73.63,46.06
178,21.36,2,1,player,47.29,66.4
178,21.36,58,1,player,74.8,24.14
178,21.36,52,0,player,39.38,23.43
178,21.36,55,1,player,41.41,37.49
178,21.36,33,1,player,56.48,38.31
178,21.36,49,0,player,62.97,39.32
178,21.36,46,0,player,53.49,24.81
178,21.36,45,0,player,50.35,37.86
178,21.36,13,0,player,40.02,52.16
178,21.36,23,1,player,47.4,36.04
178,21.36,56,0,player,66.0,21.85
178,21.36,4,1,player,42.75,48.72
178,21.36,51,0,player,41.65,41.61
178,21.36,15,0,player,41.1,31.97
178,21.36,48,1,player,61.42,25.36
178,21.36,9,0,player,39.68,20.0
178,21.36,50,1,player,61.73,7.67
178,21.36,53,0,player,39.54,18.27
178,21.36,32,-1,referee,72.32,70.31
178,21.36,38,-1,referee,53.24,32.2
178,21.36,54,-1,referee,39.08,0.81
179,21.48,23,1,player,47.52,35.73
179,21.48,2,1,player,47.28,66.25
179,21.48,4,1,player,42.91,48.62
179,21.48,49,0,player,63.14,39.24
179,21.48,55,1,player,41.57,37.43
179,21.48,51,0,player,41.8,41.52
179,21.48,48,1,player,61.6,25.08
179,21.48,33,1,player,56.6,37.94
179,21.48,13,0,player,40.11,51.86
179,21.48,45,0,player,50.47,37.88
179,21.48,15,0,player,41.05,31.88
179,21.48,46,0,player,53.48,24.22
179,21.48,58,1,player,75.19,24.0
179,21.48,52,0,player,39.35,23.3
179,21.48,47,1,player,73.68,45.83
179,21.48,9,0,player,39.55,19.73
179,21.48,56,0,player,65.94,21.96
179,21.48,50,1,player,62.04,7.77
179,21.48,53,0,player,39.5,18.13
179,21.48,32,-1,referee,72.3,70.35
179,21.48,38,-1,referee,53.41,32.16
179,21.48,54,-1,referee,39.23,1.15
180,21.6,2,1,player,46.56,66.07
180,21.6,52,0,player,37.91,21.23
180,21.6,55,1,player,40.55,36.27
180,21.6,33,1,player,55.7,36.67
180,21.6,45,0,player,49.48,36.52
180,21.6,15,0,player,39.68,30.31
180,21.6,49,0,player,62.19,37.96
180,21.6,46,0,player,52.21,22.78
180,21.6,47,1,player,72.53,44.71
180,21.6,13,0,player,39.34,51.29
180,21.6,4,1,player,42.08,47.75
180,21.6,48,1,player,60.42,23.16
180,21.6,23,1,player,46.59,34.54
180,21.6,56,0,player,64.53,20.15
180,21.6,9,0,player,38.03,18.31
180,21.6,58,1,player,73.99,22.53
180,21.6,51,0,player,40.79,40.19
180,21.6,53,0,player,37.81,14.69
180,21.6,50,1,player,60.76,6.14
180,21.6,32,-1,referee,71.76,69.9
180,21.6,38,-1,referee,52.36,30.42
180,21.6,54,-1,referee,37.52,-0.89
181,21.72,2,1,player,46.58,65.96
181,21.72,47,1,player,72.5,44.87
181,21.72,23,1,player,46.8,34.56
181,21.72,15,0,player,39.75,30.36
181,21.72,49,0,player,62.37,37.58
181,21.72,45,0,player,49.61,36.35
181,21.72,52,0,player,38.02,21.2
181,21.72,4,1,player,42.26,47.57
181,21.72,48,1,player,60.66,23.25
181,21.72,51,0,player,40.93,39.84
181,21.72,55,1,player,40.75,36.15
181,21.72,46,0,player,52.31,22.68
181,21.72,33,1,player,55.94,36.79
181,21.72,56,0,player,64.62,20.27
181,21.72,58,1,player,74.37,22.83
181,21.72,13,0,player,39.45,50.9
181,21.72,9,0,player,38.01,18.03
181,21.72,50,1,player,61.18,6.44
181,21.72,32,-1,referee,71.84,70.04
181,21.72,38,-1,referee,52.54,30.46
181,21.72,54,-1,referee,37.73,-0.51
182,21.84,2,1,player,46.68,65.94
182,21.84,52,0,player,38.03,21.2
182,21.84,47,1,player,72.65,45.02
182,21.84,4,1,player,42.42,47.45
182,21.84,48,1,player,60.86,23.31
182,21.84,49,0,player,62.55,37.73
182,21.84,13,0,player,39.54,50.43
182,21.84,58,1,player,74.72,23.01
182,21.84,51,0,player,41.09,39.59
182,21.84,55,1,player,40.98,36.23
182,21.84,33,1,player,56.18,36.83
182,21.84,46,0,player,52.31,21.25
182,21.84,56,0,player,64.73,20.16
182,21.84,45,0,player,49.75,36.15
182,21.84,23,1,player,46.97,34.29
182,21.84,15,0,player,39.85,30.32
182,21.84,50,1,player,61.64,7.21
182,21.84,53,0,player,38.22,18.25
182,21.84,32,-1,referee,71.96,70.05
182,21.84,38,-1,referee,52.73,30.54
182,21.84,54,-1,referee,37.87,0.01
183,21.96,2,1,player,46.81,65.92
183,21.96,52,0,player,38.24,21.76
183,21.96,49,0,player,62.81,37.73
183,21.96,58,1,player,75.07,23.18
183,21.96,13,0,player,39.77,50.15
183,21.96,4,1,player,42.64,47.41
183,21.96,45,0,player,49.91,36.1
183,21.96,53,0,player,38.43,18.35
183,21.96,47,1,player,72.78,44.9
183,21.96,56,0,player,64.8,20.29
183,21.96,23,1,player,47.23,34.19
183,21.96,46,0,player,52.56,21.74
183,21.96,33,1,player,56.38,36.37
183,21.96,48,1,player,61.05,22.72
183,21.96,51,0,player,41.36,39.61
183,21.96,55,1,player,41.08,36.05
183,21.96,50,1,player,62.09,7.7
183,21.96,15,0,player,39.87,30.28
183,21.96,32,-1,referee,72.09,70.21
183,21.96,38,-1,referee,52.94,30.52
183,21.96,54,-1,referee,37.78,-0.1
184,22.08,2,1,player,46.81,65.61
184,22.08,4,1,player,42.88,47.38
184,22.08,56,0,player,64.82,20.52
184,22.08,45,0,player,50.03,35.91
184,22.08,33,1,player,56.63,36.39
184,22.08,13,0,player,40.03,50.03
184,22.08,49,0,player,63.05,37.49
184,22.08,47,1,player,72.84,45.02
184,22.08,15,0,player,40.0,30.17
184,22.08,48,1,player,61.24,22.89
184,22.08,58,1,player,75.53,23.18
184,22.08,52,0,player,38.19,21.11
184,22.08,23,1,player,47.54,34.14
184,22.08,51,0,player,41.62,39.51
184,22.08,46,0,player,52.86,22.19
184,22.08,53,0,player,38.59,18.07
184,22.08,55,1,player,41.25,35.98
184,22.08,50,1,player,62.55,7.74
184,22.08,32,-1,referee,72.29,70.1
184,22.08,38,-1,referee,53.16,30.42
184,22.08,54,-1,referee,37.98,-0.14
185,22.2,4,1,player,43.05,47.06
185,22.2,56,0,player,65.03,20.31
185,22.2,2,1,player,46.83,65.43
185,22.2,47,1,player,72.91,44.92
185,22.2,49,0,player,63.3,36.94
185,22.2,33,1,player,56.87,36.14
185,22.2,45,0,player,50.1,35.5
185,22.2,13,0,player,40.12,49.37
185,22.2,23,1,player,47.76,33.86
185,22.2,58,1,player,76.05,23.15
185,22.2,9,0,player,38.32,20.83
185,22.2,51,0,player,41.83,39.09
185,22.2,48,1,player,61.46,22.17
185,22.2,55,1,player,41.39,35.69
185,22.2,46,0,player,53.05,21.53
185,22.2,15,0,player,40.2,29.78
185,22.2,50,1,player,63.02,7.62
185,22.2,32,-1,referee,72.44,70.06
185,22.2,38,-1,referee,53.33,29.99
185,22.2,54,-1,referee,38.17,-0.3
186,22.32,2,1,player,46.78,65.51
186,22.32,47,1,player,73.11,44.95
186,22.32,49,0,player,63.51,36.81
186,22.32,56,0,player,65.22,19.92
186,22.32,58,1,player,76.63,22.94
186,22.32,23,1,player,47.82,33.37
186,22.32,4,1,player,43.05,46.8
186,22.32,13,0,player,40.16,49.14
186,22.32,46,0,player,53.3,21.35
186,22.32,33,1,player,57.04,36.08
186,22.32,45,0,player,50.15,35.37
186,22.32,9,0,player,38.24,20.72
186,22.32,48,1,player,61.65,21.77
186,22.32,51,0,player,41.9,38.97
186,22.32,55,1,player,41.32,35.45
186,22.32,50,1,player,63.58,7.18
186,22.32,15,0,player,40.31,29.61
186,22.32,32,-1,referee,72.57,70.37
186,22.32,38,-1,referee,53.47,29.69
186,22.32,54,-1,referee,38.01,-1.15
187,22.44,2,1,player,46.77,65.54
187,22.44,58,1,player,76.9,23.0
187,22.44,47,1,player,73.2,44.85
187,22.44,49,0,player,63.57,36.83
187,22.44,33,1,player,57.13,35.79
187,22.44,4,1,player,43.1,46.72
187,22.44,13,0,player,40.3,49.15
187,22.44,23,1,player,47.9,33.26
187,22.44,46,0,player,53.36,20.82
187,22.44,48,1,player,61.67,21.75
187,22.44,45,0,player,50.21,35.26
187,22.44,9,0,player,38.28,20.78
187,22.44,56,0,player,65.18,19.47
187,22.44,51,0,player,42.04,38.96
187,22.44,55,1,player,41.12,34.69
187,22.44,15,0,player,40.46,29.64
187,22.44,50,1,player,63.86,7.4
187,22.44,38,-1,referee,53.58,29.54
187,22.44,32,-1,referee,72.65,70.41
187,22.44,54,-1,referee,38.04,-1.04
188,22.56,2,1,player,46.72,65.54
188,22.56,23,1,player,47.91,33.18
188,22.56,4,1,player,43.12,46.62
188,22.56,49,0,player,63.6,36.83
188,22.56,58,1,player,77.1,22.84
188,22.56,47,1,player,73.25,44.96
188,22.56,48,1,player,61.55,21.65
188,22.56,33,1,player,57.19,35.54
188,22.56,13,0,player,40.29,48.97
188,22.56,50,1,player,63.96,7.83
188,22.56,45,0,player,50.11,34.85
188,22.56,46,0,player,53.46,20.61
188,22.56,56,0,player,65.12,19.69
188,22.56,9,0,player,38.18,20.33
188,22.56,55,1,player,40.8,33.65
188,22.56,59,1,player,38.86,16.88
188,22.56,60,0,player,39.41,12.85
188,22.56,51,0,player,42.02,38.79
188,22.56,15,0,player,40.52,29.59
188,22.56,32,-1,referee,72.77,70.38
188,22.56,38,-1,referee,53.65,29.55
188,22.56,54,-1,referee,37.98,-1.21
189,22.68,2,1,player,46.68,65.53
189,22.68,49,0,player,63.54,36.41
189,22.68,48,1,player,61.41,21.8
189,22.68,56,0,player,64.89,19.75
189,22.68,23,1,player,47.92,33.09
189,22.68,13,0,player,40.22,48.42
189,22.68,33,1,player,57.22,35.44
189,22.68,47,1,player,73.25,45.01
189,22.68,46,0,player,53.64,20.63
189,22.68,4,1,player,43.15,46.56
189,22.68,59,1,player,38.96,16.89
189,22.68,45,0,player,50.08,34.82
189,22.68,50,1,player,64.09,7.72
189,22.68,15,0,player,40.54,29.66
189,22.68,9,0,player,38.13,19.98
189,22.68,58,1,player,77.39,22.9
189,22.68,55,1,player,40.45,32.49
189,22.68,60,0,player,39.42,12.49
189,22.68,51,0,player,42.09,38.59
189,22.68,38,-1,referee,53.71,29.47
189,22.68,32,-1,referee,72.8,70.4
189,22.68,54,-1,referee,38.04,-1.12
190,22.8,2,1,player,46.63,65.53
190,22.8,49,0,player,63.47,36.25
190,22.8,59,1,player,39.04,16.87
190,22.8,56,0,player,64.78,19.77
190,22.8,47,1,player,73.24,45.03
190,22.8,33,1,player,57.26,35.36
190,22.8,48,1,player,61.37,21.59
190,22.8,4,1,player,43.14,46.39
190,22.8,45,0,player,50.04,34.78
190,22.8,23,1,player,47.85,32.51
190,22.8,13,0,player,40.3,48.39
190,22.8,46,0,player,53.83,20.42
190,22.8,58,1,player,77.57,22.8
190,22.8,9,0,player,38.21,19.86
190,22.8,60,0,player,39.45,12.3
190,22.8,15,0,player,40.81,29.55
190,22.8,50,1,player,64.25,7.98
190,22.8,55,1,player,40.63,33.25
190,22.8,51,0,player,42.16,38.55
190,22.8,38,-1,referee,53.75,29.24
190,22.8,32,-1,referee,72.81,70.45
190,22.8,54,-1,referee,38.11,-1.11
191,22.92,2,1,player,46.56,65.52
191,22.92,47,1,player,73.24,45.05
191,22.92,49,0,player,63.45,36.05
191,22.92,59,1,player,39.11,16.86
191,22.92,4,1,player,43.08,46.13
191,22.92,56,0,player,64.72,19.61
191,22.92,58,1,player,77.67,22.82
191,22.92,48,1,player,61.21,21.44
191,22.92,23,1,player,47.88,32.28
191,22.92,45,0,player,49.98,34.58
191,22.92,53,0,player,38.42,20.06
191,22.92,33,1,player,57.3,35.26
191,22.92,13,0,player,40.4,48.41
191,22.92,55,1,player,40.51,32.98
191,22.92,60,0,player,39.45,12.2
191,22.92,15,0,player,40.91,29.42
191,22.92,50,1,player,64.39,8.36
191,22.92,51,0,player,42.22,38.49
191,22.92,46,0,player,54.05,20.38
191,22.92,38,-1,referee,53.81,29.14
191,22.92,32,-1,referee,72.81,70.47
191,22.92,54,-1,referee,38.1,-1.38
192,23.04,2,1,player,46.54,65.53
192,23.04,47,1,player,73.25,45.01
192,23.04,53,0,player,38.53,20.17
192,23.04,49,0,player,63.46,35.99
192,23.04,4,1,player,43.1,46.13
192,23.04,45,0,player,49.93,34.37
192,23.04,55,1,player,40.59,33.3
192,23.04,58,1,player,77.72,22.93
192,23.04,13,0,player,40.36,47.84
192,23.04,15,0,player,41.07,29.39
192,23.04,46,0,player,54.21,20.29
192,23.04,56,0,player,64.55,19.49
192,23.04,59,1,player,39.15,16.66
192,23.04,23,1,player,47.94,32.19
192,23.04,48,1,player,61.05,21.2
192,23.04,33,1,player,57.33,34.81
192,23.04,60,0,player,39.48,12.0
192,23.04,50,1,player,64.49,9.26
192,23.04,51,0,player,42.25,38.48
192,23.04,38,-1,referee,53.85,29.0
192,23.04,32,-1,referee,72.87,70.38
192,23.04,54,-1,referee,38.26,-1.1
193,23.16,2,1,player,46.53,65.6
193,23.16,47,1,player,73.29,45.04
193,23.16,49,0,player,63.45,35.67
193,23.16,4,1,player,43.14,46.14
193,23.16,56,0,player,64.4,19.6
193,23.16,48,1,player,60.89,21.1
193,23.16,55,1,player,40.72,33.81
193,23.16,15,0,player,41.08,29.18
193,23.16,33,1,player,57.38,34.77
193,23.16,45,0,player,49.94,34.16
193,23.16,13,0,player,40.41,47.66
193,23.16,23,1,player,47.98,32.03
193,23.16,53,0,player,38.58,20.25
193,23.16,46,0,player,54.29,20.09
193,23.16,50,1,player,64.75,9.33
193,23.16,60,0,player,39.56,11.96
193,23.16,59,1,player,39.34,16.71
193,23.16,58,1,player,77.89,22.83
193,23.16,51,0,player,42.24,38.49
193,23.16,38,-1,referee,53.92,29.03
193,23.16,32,-1,referee,72.92,70.3
193,23.16,54,-1,referee,38.45,-1.4
194,23.28,2,1,player,46.51,65.68
194,23.28,47,1,player,73.32,45.05
194,23.28,13,0,player,40.53,47.5
194,23.28,49,0,player,63.45,35.6
194,23.28,33,1,player,57.44,34.62
194,23.28,48,1,player,60.7,21.11
194,23.28,45,0,player,50.04,34.16
194,23.28,56,0,player,64.35,19.47
194,23.28,4,1,player,43.16,46.12
194,23.28,55,1,player,40.78,34.02
194,23.28,23,1,player,48.01,31.74
194,23.28,46,0,player,54.37,19.63
194,23.28,15,0,player,41.28,28.93
194,23.28,58,1,player,78.02,22.89
194,23.28,50,1,player,64.84,9.26
194,23.28,53,0,player,38.6,19.87
194,23.28,59,1,player,39.48,16.67
194,23.28,60,0,player,39.72,11.96
194,23.28,51,0,player,42.27,38.35
194,23.28,32,-1,referee,72.99,70.16
194,23.28,38,-1,referee,53.96,28.97
194,23.28,54,-1,referee,38.6,-1.41
195,23.4,2,1,player,46.04,65.42
195,23.4,47,1,player,72.1,44.61
195,23.4,45,0,player,48.59,34.45
195,23.4,13,0,player,39.74,47.95
195,23.4,33,1,player,56.0,34.64
195,23.4,58,1,player,76.75,22.01
195,23.4,49,0,player,61.99,35.47
195,23.4,59,1,player,37.72,17.34
195,23.4,48,1,player,58.86,20.89
195,23.4,56,0,player,62.59,18.88
195,23.4,23,1,player,46.6,31.89
195,23.4,4,1,player,42.14,46.46
195,23.4,15,0,player,39.96,29.62
195,23.4,53,0,player,36.71,20.02
195,23.4,55,1,player,39.38,34.49
195,23.4,60,0,player,37.79,12.57
195,23.4,50,1,player,63.02,8.58
195,23.4,46,0,player,52.71,19.67
195,23.4,61,0,player,60.46,9.57
195,23.4,51,0,player,41.17,38.99
195,23.4,32,-1,referee,71.92,69.3
195,23.4,38,-1,referee,52.48,28.82
195,23.4,54,-1,referee,36.04,-1.75
196,23.52,2,1,player,46.05,65.53
196,23.52,47,1,player,72.22,44.46
196,23.52,45,0,player,48.58,34.37
196,23.52,58,1,player,76.69,22.09
196,23.52,13,0,player,39.75,47.91
196,23.52,48,1,player,58.75,20.9
196,23.52,15,0,player,40.1,29.65
196,23.52,59,1,player,37.65,17.17
196,23.52,23,1,player,46.6,31.67
196,23.52,53,0,player,36.8,20.17
196,23.52,49,0,player,61.94,35.45
196,23.52,46,0,player,52.68,19.47
196,23.52,4,1,player,42.11,46.45
196,23.52,56,0,player,62.65,18.92
196,23.52,33,1,player,56.03,34.35
196,23.52,60,0,player,37.86,12.72
196,23.52,55,1,player,39.4,34.54
196,23.52,51,0,player,41.25,39.08
196,23.52,50,1,player,63.07,8.52
196,23.52,61,0,player,60.53,9.83
196,23.52,32,-1,referee,71.96,69.25
196,23.52,38,-1,referee,52.57,28.85
196,23.52,54,-1,referee,36.14,-1.59
197,23.64,47,1,player,72.45,44.42
197,23.64,2,1,player,46.06,65.64
197,23.64,58,1,player,76.72,22.02
197,23.64,53,0,player,36.8,20.23
197,23.64,48,1,player,58.61,20.88
197,23.64,23,1,player,46.6,31.37
197,23.64,15,0,player,40.15,29.57
197,23.64,4,1,player,42.12,46.52
197,23.64,49,0,player,61.91,35.2
197,23.64,46,0,player,52.74,19.5
197,23.64,33,1,player,56.06,34.29
197,23.64,50,1,player,63.04,8.6
197,23.64,56,0,player,62.95,18.74
197,23.64,13,0,player,39.92,47.73
197,23.64,60,0,player,37.93,12.95
197,23.64,45,0,player,48.65,34.08
197,23.64,61,0,player,60.58,10.07
197,23.64,51,0,player,41.2,39.14
197,23.64,59,1,player,37.65,17.11
197,23.64,55,1,player,39.13,33.63
197,23.64,38,-1,referee,52.73,29.17
197,23.64,32,-1,referee,71.96,69.35
197,23.64,54,-1,referee,36.09,-1.8
198,23.76,13,0,player,40.02,47.72
198,23.76,47,1,player,72.55,44.19
198,23.76,33,1,player,56.09,34.29
198,23.76,2,1,player,46.0,65.67
198,23.76,56,0,player,62.92,18.53
198,23.76,4,1,player,42.07,46.54
198,23.76,23,1,player,46.55,31.23
198,23.76,49,0,player,61.84,35.27
198,23.76,58,1,player,76.69,22.16
198,23.76,50,1,player,62.94,8.43
198,23.76,48,1,player,58.4,20.96
198,23.76,45,0,player,48.73,34.14
198,23.76,55,1,player,39.19,33.97
198,23.76,59,1,player,37.69,17.05
198,23.76,53,0,player,37.02,20.05
198,23.76,60,0,player,37.79,12.71
198,23.76,15,0,player,40.36,29.4
198,23.76,51,0,player,41.19,39.27
198,23.76,46,0,player,52.78,19.32
198,23.76,61,0,player,60.45,10.53
198,23.76,38,-1,referee,52.68,29.22
198,23.76,32,-1,referee,71.97,69.31
198,23.76,54,-1,referee,36.16,-1.92
199,23.88,49,0,player,61.73,35.35
199,23.88,47,1,player,72.67,44.11
199,23.88,15,0,player,40.53,29.61
199,23.88,13,0,player,40.11,47.82
199,23.88,48,1,player,58.17,21.07
199,23.88,33,1,player,55.98,34.43
199,23.88,45,0,player,48.8,34.29
199,23.88,23,1,player,46.47,30.97
199,23.88,53,0,player,37.06,20.12
199,23.88,59,1,player,37.82,17.64
199,23.88,56,0,player,62.84,19.22
199,23.88,4,1,player,42.02,46.68
199,23.88,2,1,player,45.94,65.79
199,23.88,58,1,player,76.52,22.53
199,23.88,50,1,player,62.79,8.19
199,23.88,55,1,player,39.11,34.04
199,23.88,51,0,player,41.19,39.41
199,23.88,46,0,player,52.63,19.15
199,23.88,60,0,player,37.88,12.89
199,23.88,61,0,player,60.23,10.47
199,23.88,38,-1,referee,52.61,29.3
199,23.88,32,-1,referee,72.0,69.15
199,23.88,54,-1,referee,36.09,-1.92
200,24.0,47,1,player,72.82,43.96
200,24.0,53,0,player,36.97,19.98
200,24.0,45,0,player,48.71,34.34
200,24.0,59,1,player,37.75,17.78
200,24.0,13,0,player,40.07,47.81
200,24.0,50,1,player,62.5,8.11
200,24.0,4,1,player,41.92,46.72
200,24.0,49,0,player,61.62,35.51
200,24.0,58,1,player,76.32,22.7
200,24.0,23,1,player,46.43,30.63
200,24.0,2,1,player,45.87,65.89
200,24.0,48,1,player,57.97,21.28
200,24.0,15,0,player,40.61,29.77
200,24.0,33,1,player,55.91,34.19
200,24.0,46,0,player,52.64,19.88
200,24.0,55,1,player,38.99,34.02
200,24.0,51,0,player,41.19,39.42
200,24.0,56,0,player,62.97,19.4
200,24.0,60,0,player,37.88,13.2
200,24.0,61,0,player,59.96,10.76
200,24.0,32,-1,referee,72.0,69.17
200,24.0,38,-1,referee,52.61,29.33
200,24.0,54,-1,referee,36.19,-1.59
201,24.12,47,1,player,72.83,43.91
201,24.12,56,0,player,63.02,19.87
201,24.12,4,1,player,41.8,46.75
201,24.12,2,1,player,45.78,65.89
201,24.12,58,1,player,76.11,22.68
201,24.12,23,1,player,46.6,30.68
201,24.12,48,1,player,57.73,21.32
201,24.12,51,0,player,41.12,39.55
201,24.12,59,1,player,37.69,18.2
201,24.12,46,0,player,52.5,20.12
201,24.12,45,0,player,48.66,34.28
201,24.12,50,1,player,62.2,8.05
201,24.12,49,0,player,61.6,35.39
201,24.12,13,0,player,40.21,47.97
201,24.12,33,1,player,55.95,34.15
201,24.12,55,1,player,38.94,34.11
201,24.12,15,0,player,40.88,29.65
201,24.12,60,0,player,37.91,13.65
201,24.12,61,0,player,59.67,11.37
201,24.12,53,0,player,37.24,20.32
201,24.12,32,-1,referee,71.96,69.29
201,24.12,38,-1,referee,52.6,29.17
201,24.12,54,-1,referee,36.21,-1.08
202,24.24,13,0,player,40.29,48.01
202,24.24,47,1,player,73.01,43.79
202,24.24,15,0,player,41.01,30.1
202,24.24,23,1,player,46.59,30.75
202,24.24,2,1,player,45.73,65.97
202,24.24,51,0,player,41.13,39.87
202,24.24,33,1,player,55.89,34.21
202,24.24,56,0,player,63.05,20.15
202,24.24,4,1,player,41.71,46.84
202,24.24,49,0,player,61.69,35.34
202,24.24,55,1,player,38.81,33.77
202,24.24,46,0,player,52.39,20.51
202,24.24,53,0,player,37.18,20.14
202,24.24,50,1,player,62.01,7.95
202,24.24,48,1,player,57.51,21.43
202,24.24,45,0,player,48.76,34.42
202,24.24,59,1,player,37.53,18.33
202,24.24,60,0,player,37.96,13.84
202,24.24,61,0,player,59.29,11.43
202,24.24,38,-1,referee,52.57,29.33
202,24.24,32,-1,referee,71.97,69.01
202,24.24,54,-1,referee,35.97,-1.47
203,24.36,47,1,player,73.14,43.68
203,24.36,13,0,player,40.37,48.15
203,24.36,2,1,player,45.71,66.05
203,24.36,33,1,player,55.86,34.31
203,24.36,49,0,player,61.63,35.6
203,24.36,46,0,player,52.28,20.57
203,24.36,45,0,player,48.77,34.58
203,24.36,23,1,player,46.59,30.62
203,24.36,4,1,player,41.72,47.03
203,24.36,56,0,player,63.25,20.06
203,24.36,15,0,player,41.14,30.3
203,24.36,51,0,player,41.32,40.07
203,24.36,55,1,player,38.81,33.74
203,24.36,48,1,player,57.35,21.58
203,24.36,53,0,player,37.28,20.25
203,24.36,60,0,player,38.04,14.21
203,24.36,50,1,player,61.8,8.02
203,24.36,61,0,player,59.04,11.7
203,24.36,59,1,player,37.42,18.2
203,24.36,38,-1,referee,52.48,29.44
203,24.36,32,-1,referee,71.92,69.17
203,24.36,54,-1,referee,35.95,-1.59
204,24.48,47,1,player,73.28,43.43
204,24.48,2,1,player,45.72,66.28
204,24.48,45,0,player,48.74,34.7
204,24.48,56,0,player,63.34,20.47
204,24.48,33,1,player,55.81,34.36
204,24.48,4,1,player,41.74,47.24
204,24.48,51,0,player,41.3,40.24
204,24.48,46,0,player,52.01,20.93
204,24.48,13,0,player,40.38,48.22
204,24.48,49,0,player,61.61,35.8
204,24.48,55,1,player,38.72,33.77
204,24.48,48,1,player,57.16,21.42
204,24.48,60,0,player,38.14,14.51
204,24.48,15,0,player,41.21,30.21
204,24.48,23,1,player,46.68,30.36
204,24.48,50,1,player,61.4,7.75
204,24.48,61,0,player,58.64,11.97
204,24.48,59,1,player,37.48,18.33
204,24.48,53,0,player,37.53,20.21
204,24.48,38,-1,referee,52.4,29.51
204,24.48,32,-1,referee,71.85,69.24
204,24.48,54,-1,referee,35.96,-1.35
205,24.6,47,1,player,73.44,43.35
205,24.6,2,1,player,45.72,66.36
205,24.6,13,0,player,40.49,48.29
205,24.6,15,0,player,41.29,30.46
205,24.6,55,1,player,38.58,33.68
205,24.6,4,1,player,41.62,47.34
205,24.6,23,1,player,46.77,30.51
205,24.6,48,1,player,57.02,21.42
205,24.6,46,0,player,51.86,21.4
205,24.6,51,0,player,41.37,40.51
205,24.6,45,0,player,48.75,34.84
205,24.6,49,0,player,61.76,35.75
205,24.6,33,1,player,55.89,34.26
205,24.6,61,0,player,58.3,11.99
205,24.6,60,0,player,38.22,14.5
205,24.6,56,0,player,63.73,20.6
205,24.6,50,1,player,61.2,7.67
205,24.6,53,0,player,37.65,20.23
205,24.6,59,1,player,37.47,18.63
205,24.6,32,-1,referee,71.76,69.25
205,24.6,38,-1,referee,52.36,29.55
205,24.6,54,-1,referee,36.04,-0.93
206,24.72,47,1,player,73.48,43.32
206,24.72,2,1,player,45.81,66.34
206,24.72,49,0,player,61.73,36.06
206,24.72,13,0,player,40.58,48.56
206,24.72,53,0,player,37.74,20.24
206,24.72,23,1,player,46.75,30.57
206,24.72,48,1,player,56.96,21.64
206,24.72,4,1,player,41.58,47.36
206,24.72,15,0,player,41.41,30.83
206,24.72,55,1,player,38.52,33.55
206,24.72,33,1,player,55.94,34.45
206,24.72,46,0,player,51.66,21.4
206,24.72,60,0,player,38.24,14.35
206,24.72,56,0,player,63.82,21.09
206,24.72,45,0,player,48.84,34.79
206,24.72,51,0,player,41.43,40.54
206,24.72,61,0,player,57.98,12.16
206,24.72,50,1,player,61.0,7.57
206,24.72,32,-1,referee,71.74,69.27
206,24.72,38,-1,referee,52.33,29.7
206,24.72,54,-1,referee,35.98,-0.93
207,24.84,2,1,player,45.94,66.7
207,24.84,47,1,player,73.58,43.27
207,24.84,33,1,player,55.91,34.68
207,24.84,60,0,player,38.37,14.73
207,24.84,48,1,player,56.81,21.8
207,24.84,45,0,player,48.85,34.83
207,24.84,13,0,player,40.61,48.67
207,24.84,15,0,player,41.35,30.83
207,24.84,4,1,player,41.6,47.5
207,24.84,49,0,player,61.72,36.15
207,24.84,51,0,player,41.52,40.74
207,24.84,23,1,player,46.75,30.42
207,24.84,55,1,player,38.5,33.29
207,24.84,46,0,player,51.45,21.46
207,24.84,56,0,player,64.07,21.72
207,24.84,50,1,player,60.78,7.44
207,24.84,61,0,player,57.6,12.31
207,24.84,59,1,player,38.05,20.66
207,24.84,53,0,player,37.21,18.26
207,24.84,32,-1,referee,71.78,69.07
207,24.84,38,-1,referee,52.29,30.01
207,24.84,54,-1,referee,36.11,-0.91
208,24.96,2,1,player,45.98,66.85
208,24.96,47,1,player,73.86,43.12
208,24.96,45,0,player,48.8,34.84
208,24.96,4,1,player,41.61,47.64
208,24.96,48,1,player,56.67,21.87
208,24.96,15,0,player,41.71,31.33
208,24.96,51,0,player,41.55,41.07
208,24.96,56,0,player,64.24,21.66
208,24.96,55,1,player,38.48,33.1
208,24.96,33,1,player,55.94,34.64
208,24.96,13,0,player,40.73,48.66
208,24.96,23,1,player,46.75,30.37
208,24.96,49,0,player,61.86,36.24
208,24.96,46,0,player,51.32,21.97
208,24.96,60,0,player,38.36,14.42
208,24.96,50,1,player,60.51,7.1
208,24.96,61,0,player,57.17,12.38
208,24.96,59,1,player,38.21,20.98
208,24.96,53,0,player,37.09,17.81
208,24.96,32,-1,referee,71.78,69.03
208,24.96,38,-1,referee,52.2,30.21
208,24.96,54,-1,referee,36.08,-0.97
209,25.08,2,1,player,46.04,66.99
209,25.08,47,1,player,74.0,42.82
209,25.08,23,1,player,46.8,30.51
209,25.08,55,1,player,38.6,33.4
209,25.08,4,1,player,41.59,47.79
209,25.08,13,0,player,41.0,49.28
209,25.08,48,1,player,56.64,21.92
209,25.08,56,0,player,64.4,22.4
209,25.08,49,0,player,61.84,36.21
209,25.08,33,1,player,56.08,34.41
209,25.08,51,0,player,41.52,41.27
209,25.08,60,0,player,38.44,14.49
209,25.08,15,0,player,41.97,31.61
209,25.08,50,1,player,60.22,6.91
209,25.08,61,0,player,56.84,13.28
209,25.08,45,0,player,48.87,34.85
209,25.08,46,0,player,51.04,21.95
209,25.08,53,0,player,37.08,18.02
209,25.08,59,1,player,38.38,21.11
209,25.08,32,-1,referee,71.81,68.96
209,25.08,38,-1,referee,52.12,30.34
209,25.08,54,-1,referee,35.97,-1.02
210,25.2,62,1,player,76.2,25.2
210,25.2,2,1,player,47.07,66.79
210,25.2,33,1,player,58.32,34.59
210,25.2,47,1,player,76.12,43.43
210,25.2,23,1,player,49.15,30.2
210,25.2,4,1,player,43.3,47.36
210,25.2,55,1,player,40.94,32.83
210,25.2,45,0,player,51.33,34.75
210,25.2,49,0,player,64.0,36.45
210,25.2,48,1,player,59.21,22.28
210,25.2,60,0,player,41.73,14.76
210,25.2,15,0,player,44.38,31.18
210,25.2,46,0,player,53.46,21.46
210,25.2,13,0,player,42.79,48.89
210,25.2,61,0,player,59.37,13.81
210,25.2,50,1,player,63.0,7.53
210,25.2,56,0,player,67.37,23.23
210,25.2,51,0,player,43.6,41.25
210,25.2,53,0,player,40.32,18.23
210,25.2,59,1,player,41.35,20.84
210,25.2,32,-1,referee,73.12,69.78
210,25.2,38,-1,referee,54.38,30.1
210,25.2,54,-1,referee,40.0,-0.3
211,25.32,47,1,player,76.1,43.42
211,25.32,33,1,player,58.3,34.57
211,25.32,62,1,player,75.79,26.14
211,25.32,2,1,player,47.01,66.81
211,25.32,45,0,player,51.24,34.97
211,25.32,56,0,player,67.41,23.37
211,25.32,15,0,player,44.37,31.73
211,25.32,4,1,player,43.21,47.39
211,25.32,49,0,player,64.05,36.53
211,25.32,48,1,player,59.02,22.26
211,25.32,61,0,player,58.93,13.91
211,25.32,13,0,player,42.77,48.94
211,25.32,60,0,player,41.7,14.97
211,25.32,50,1,player,62.4,7.55
211,25.32,51,0,player,43.55,41.64
211,25.32,55,1,player,40.8,32.51
211,25.32,23,1,player,49.08,29.99
211,25.32,59,1,player,41.42,21.05
211,25.32,46,0,player,53.14,21.73
211,25.32,53,0,player,40.24,18.41
211,25.32,32,-1,referee,73.03,69.83
211,25.32,38,-1,referee,54.25,30.49
211,25.32,54,-1,referee,39.97,-0.4
212,25.44,62,1,player,75.41,26.45
212,25.44,47,1,player,76.17,43.47
212,25.44,2,1,player,47.01,67.03
212,25.44,49,0,player,63.94,36.57
212,25.44,15,0,player,44.23,32.08
212,25.44,13,0,player,42.84,49.35
212,25.44,50,1,player,61.94,7.41
212,25.44,48,1,player,58.78,22.55
212,25.44,23,1,player,48.99,30.06
212,25.44,4,1,player,43.11,47.51
212,25.44,33,1,player,58.32,34.6
212,25.44,51,0,player,43.36,41.74
212,25.44,60,0,player,41.54,14.94
212,25.44,59,1,player,41.35,21.22
212,25.44,45,0,player,51.16,35.0
212,25.44,55,1,player,40.8,32.68
212,25.44,46,0,player,52.82,22.59
212,25.44,56,0,player,67.51,24.33
212,25.44,61,0,player,58.36,12.81
212,25.44,53,0,player,40.05,18.35
212,25.44,32,-1,referee,73.0,69.76
212,25.44,38,-1,referee,54.03,30.73
212,25.44,54,-1,referee,39.77,-0.42
213,25.56,62,1,player,75.02,26.61
213,25.56,2,1,player,46.94,67.16
213,25.56,47,1,player,76.23,43.41
213,25.56,55,1,player,40.77,32.74
213,25.56,23,1,player,48.82,30.27
213,25.56,33,1,player,58.19,34.75
213,25.56,50,1,player,61.5,7.27
213,25.56,51,0,player,43.22,42.35
213,25.56,48,1,player,58.48,22.74
213,25.56,49,0,player,63.84,36.6
213,25.56,60,0,player,41.49,15.62
213,25.56,59,1,player,41.21,21.22
213,25.56,4,1,player,42.98,47.68
213,25.56,13,0,player,42.81,49.89
213,25.56,15,0,player,44.02,32.35
213,25.56,45,0,player,51.09,35.05
213,25.56,53,0,player,39.82,18.32
213,25.56,56,0,player,67.6,24.27
213,25.56,61,0,player,57.84,13.72
213,25.56,32,-1,referee,72.89,69.95
213,25.56,38,-1,referee,53.73,30.79
213,25.56,54,-1,referee,39.51,-0.52
214,25.68,23,1,player,48.55,30.41
214,25.68,55,1,player,40.52,33.02
214,25.68,47,1,player,76.12,43.6
214,25.68,2,1,player,46.84,67.25
214,25.68,45,0,player,50.96,35.3
214,25.68,4,1,player,42.85,47.92
214,25.68,62,1,player,74.65,26.5
214,25.68,56,0,player,67.54,25.07
214,25.68,50,1,player,60.98,7.21
214,25.68,13,0,player,42.67,49.93
214,25.68,33,1,player,58.06,34.63
214,25.68,60,0,player,41.11,15.43
214,25.68,49,0,player,63.7,36.82
214,25.68,48,1,player,58.1,22.74
214,25.68,15,0,player,43.81,32.82
214,25.68,59,1,player,41.06,21.99
214,25.68,61,0,player,57.26,14.02
214,25.68,53,0,player,39.64,18.7
214,25.68,32,-1,referee,72.77,69.84
214,25.68,38,-1,referee,53.41,30.82
214,25.68,54,-1,referee,39.29,-0.02
215,25.8,2,1,player,46.98,67.34
215,25.8,62,1,player,74.26,27.23
215,25.8,47,1,player,76.0,43.75
215,25.8,55,1,player,40.22,33.05
215,25.8,49,0,player,63.54,36.93
215,25.8,4,1,player,42.62,48.25
215,25.8,45,0,player,50.81,35.52
215,25.8,48,1,player,57.73,22.9
215,25.8,13,0,player,42.68,50.6
215,25.8,23,1,player,48.28,30.39
215,25.8,33,1,player,58.0,34.73
215,25.8,50,1,player,60.39,7.12
215,25.8,60,0,player,40.78,15.57
215,25.8,15,0,player,43.56,33.13
215,25.8,56,0,player,67.65,25.56
215,25.8,53,0,player,39.41,19.01
215,25.8,59,1,player,40.88,22.44
215,25.8,32,-1,referee,72.7,69.78
215,25.8,38,-1,referee,53.1,31.28
215,25.8,54,-1,referee,39.05,0.33
216,25.92,47,1,player,75.74,44.01
216,25.92,2,1,player,46.98,67.78
216,25.92,4,1,player,42.42,48.32
216,25.92,62,1,player,73.77,27.96
216,25.92,45,0,player,50.74,35.69
216,25.92,33,1,player,57.74,34.87
216,25.92,23,1,player,47.98,30.46
216,25.92,50,1,player,59.71,7.42
216,25.92,15,0,player,43.31,33.49
216,25.92,13,0,player,42.59,51.13
216,25.92,49,0,player,63.31,37.02
216,25.92,55,1,player,39.92,33.09
216,25.92,48,1,player,57.28,22.92
216,25.92,56,0,player,67.49,25.34
216,25.92,53,0,player,40.62,23.02
216,25.92,32,-1,referee,72.49,69.8
216,25.92,38,-1,referee,52.69,31.77
216,25.92,54,-1,referee,38.52,0.25
217,26.04,2,1,player,46.93,67.97
217,26.04,4,1,player,42.22,48.69
217,26.04,23,1,player,47.72,30.63
217,26.04,47,1,player,75.47,44.22
217,26.04,62,1,player,73.32,28.21
217,26.04,45,0,player,50.56,36.27
217,26.04,15,0,player,43.03,34.07
217,26.04,33,1,player,57.52,35.04
217,26.04,50,1,player,58.98,7.47
217,26.04,55,1,player,39.66,33.29
217,26.04,13,0,player,42.35,51.33
217,26.04,56,0,player,67.42,26.49
217,26.04,49,0,player,63.25,37.06
217,26.04,48,1,player,56.82,22.96
217,26.04,53,0,player,40.33,23.53
217,26.04,32,-1,referee,72.27,69.8
217,26.04,38,-1,referee,52.22,32.0
218,26.16,23,1,player,47.31,30.81
218,26.16,2,1,player,46.97,67.99
218,26.16,4,1,player,42.0,49.05
218,26.16,55,1,player,39.45,33.46
218,26.16,47,1,player,75.25,44.21
218,26.16,62,1,player,72.68,28.83
218,26.16,48,1,player,56.41,23.19
218,26.16,13,0,player,42.31,51.89
218,26.16,49,0,player,63.04,37.41
218,26.16,56,0,player,67.25,27.03
218,26.16,50,1,player,58.26,7.5
218,26.16,33,1,player,57.39,34.97
218,26.16,45,0,player,50.33,36.47
218,26.16,32,-1,referee,72.03,70.05
218,26.16,38,-1,referee,51.73,32.08
219,26.28,2,1,player,46.98,68.27
219,26.28,62,1,player,72.05,28.81
219,26.28,55,1,player,39.03,33.79
219,26.28,23,1,player,46.92,30.91
219,26.28,33,1,player,57.15,35.14
219,26.28,45,0,player,50.12,36.5
219,26.28,4,1,player,41.75,49.3
219,26.28,48,1,player,55.99,23.45
219,26.28,56,0,player,67.11,27.29
219,26.28,47,1,player,74.97,44.4
219,26.28,49,0,player,62.89,37.56
219,26.28,13,0,player,42.15,52.54
219,26.28,50,1,player,57.49,7.54
219,26.28,9,1,player,37.74,19.4
219,26.28,32,-1,referee,71.95,69.67
219,26.28,38,-1,referee,51.23,32.19
220,26.4,2,1,player,47.08,68.3
220,26.4,13,0,player,42.03,52.68
220,26.4,62,1,player,71.24,30.42
220,26.4,49,0,player,62.84,37.76
220,26.4,33,1,player,56.94,35.23
220,26.4,55,1,player,38.86,33.98
220,26.4,47,1,player,74.56,44.71
220,26.4,48,1,player,55.63,24.09
220,26.4,56,0,player,66.86,28.76
220,26.4,45,0,player,50.0,37.0
220,26.4,4,1,player,41.69,49.42
220,26.4,23,1,player,46.75,31.15
220,26.4,53,0,player,38.68,17.87
220,26.4,50,1,player,56.75,7.66
220,26.4,9,1,player,37.55,19.69
220,26.4,32,-1,referee,71.72,69.58
220,26.4,38,-1,referee,50.9,32.81
221,26.52,49,0,player,62.64,38.06
221,26.52,48,1,player,55.34,24.5
221,26.52,13,0,player,42.15,53.23
221,26.52,23,1,player,46.8,31.56
221,26.52,62,1,player,70.65,31.08
221,26.52,50,1,player,56.21,8.43
221,26.52,33,1,player,56.94,35.34
221,26.52,56,0,player,66.64,29.02
221,26.52,55,1,player,38.93,34.19
221,26.52,4,1,player,41.8,49.61
221,26.52,53,0,player,38.6,18.73
221,26.52,45,0,player,50.03,37.54
221,26.52,9,1,player,37.59,20.17
221,26.52,32,-1,referee,71.52,69.28
221,26.52,38,-1,referee,50.64,33.08
222,26.64,13,0,player,42.29,53.39
222,26.64,62,1,player,70.02,31.59
222,26.64,33,1,player,56.85,35.34
222,26.64,55,1,player,39.14,34.41
222,26.64,45,0,player,50.03,37.54
222,26.64,50,1,player,55.75,9.28
222,26.64,48,1,player,55.11,24.81
222,26.64,23,1,player,46.81,31.78
222,26.64,56,0,player,66.4,30.01
222,26.64,63,0,player,40.87,45.93
222,26.64,53,0,player,38.56,19.36
222,26.64,4,1,player,41.89,49.69
222,26.64,49,0,player,62.61,38.34
222,26.64,9,1,player,37.45,19.8
222,26.64,32,-1,referee,71.29,68.99
222,26.64,38,-1,referee,50.42,33.23
222,26.64,64,-1,referee,36.94,3.17
223,26.76,55,1,player,39.26,34.48
223,26.76,23,1,player,46.7,31.86
223,26.76,33,1,player,56.77,35.22
223,26.76,62,1,player,69.49,31.89
223,26.76,65,0,player,41.75,36.04
223,26.76,50,1,player,55.28,9.55
223,26.76,45,0,player,50.05,37.91
223,26.76,49,0,player,62.57,38.64
223,26.76,48,1,player,54.88,25.2
223,26.76,13,0,player,42.26,53.27
223,26.76,4,1,player,41.89,49.69
223,26.76,56,0,player,66.31,30.59
223,26.76,53,0,player,38.56,20.38
223,26.76,66,0,player,39.52,26.81
223,26.76,63,0,player,40.7,45.83
223,26.76,9,1,player,37.59,20.54
223,26.76,32,-1,referee,71.07,68.76
223,26.76,38,-1,referee,50.2,33.38
223,26.76,64,-1,referee,36.94,4.02
224,26.88,55,1,player,39.09,34.46
224,26.88,65,0,player,41.49,36.17
224,26.88,62,1,player,69.2,32.11
224,26.88,45,0,player,49.99,37.94
224,26.88,56,0,player,66.21,30.58
224,26.88,48,1,player,54.66,25.22
224,26.88,13,0,player,42.27,53.94
224,26.88,50,1,player,54.69,9.19
224,26.88,49,0,player,62.53,38.9
224,26.88,4,1,player,41.87,50.06
224,26.88,33,1,player,56.77,35.0
224,26.88,23,1,player,46.47,31.86
224,26.88,53,0,player,38.17,20.59
224,26.88,66,0,player,39.34,26.86
224,26.88,9,1,player,37.33,20.39
224,26.88,63,0,player,40.53,46.08
224,26.88,32,-1,referee,71.0,68.59
224,26.88,38,-1,referee,49.94,33.42
224,26.88,64,-1,referee,36.59,3.89
225,27.0,33,1,player,62.13,34.28
225,27.0,65,0,player,46.81,35.65
225,27.0,55,1,player,44.56,33.5
225,27.0,62,1,player,73.95,31.55
225,27.0,56,0,player,71.59,30.47
225,27.0,48,1,player,60.65,24.11
225,27.0,23,1,player,52.29,31.16
225,27.0,13,0,player,46.49,54.19
225,27.0,50,1,player,61.5,7.35
225,27.0,49,0,player,67.58,38.08
225,27.0,45,0,player,55.4,37.51
225,27.0,4,1,player,46.36,50.08
225,27.0,53,0,player,44.15,17.8
225,27.0,66,0,player,45.37,25.85
225,27.0,9,1,player,43.71,18.75
225,27.0,63,0,player,44.96,45.1
225,27.0,32,-1,referee,73.3,68.33
225,27.0,38,-1,referee,55.32,32.46
225,27.0,64,-1,referee,43.91,0.44
226,27.12,33,1,player,62.08,33.86
226,27.12,13,0,player,46.44,54.76
226,27.12,65,0,player,46.45,35.72
226,27.12,62,1,player,73.74,31.83
226,27.12,49,0,player,67.64,38.01
226,27.12,67,1,player,76.86,44.89
226,27.12,48,1,player,60.46,23.73
226,27.12,55,1,player,44.32,33.2
226,27.12,50,1,player,61.12,6.72
226,27.12,56,0,player,71.74,30.83
226,27.12,23,1,player,52.05,30.7
226,27.12,63,0,player,44.84,45.92
226,27.12,4,1,player,46.23,49.98
226,27.12,53,0,player,43.64,17.28
226,27.12,45,0,player,55.36,37.74
226,27.12,66,0,player,45.06,25.84
226,27.12,9,1,player,44.29,22.37
226,27.12,32,-1,referee,73.29,68.26
226,27.12,38,-1,referee,55.01,31.99
226,27.12,64,-1,referee,43.4,-0.25
227,27.24,50,1,player,60.8,6.01
227,27.24,65,0,player,45.93,35.43
227,27.24,13,0,player,46.43,55.17
227,27.24,67,1,player,76.87,44.61
227,27.24,56,0,player,71.82,30.53
227,27.24,62,1,player,73.38,33.46
227,27.24,48,1,player,60.37,23.31
227,27.24,33,1,player,62.19,33.4
227,27.24,4,1,player,46.06,49.95
227,27.24,55,1,player,44.19,32.92
227,27.24,45,0,player,55.33,37.86
227,27.24,63,0,player,45.0,47.51
227,27.24,49,0,player,67.88,38.41
227,27.24,66,0,player,44.89,25.79
227,27.24,53,0,player,43.34,17.15
227,27.24,23,1,player,51.94,30.72
227,27.24,9,1,player,43.32,18.92
227,27.24,32,-1,referee,73.31,68.06
227,27.24,64,-1,referee,43.07,-0.76
227,27.24,38,-1,referee,54.66,30.89
228,27.36,62,1,player,73.5,31.52
228,27.36,48,1,player,60.26,23.25
228,27.36,65,0,player,45.59,35.42
228,27.36,33,1,player,62.22,33.02
228,27.36,56,0,player,71.88,30.96
228,27.36,67,1,player,76.85,44.88
228,27.36,55,1,player,44.03,32.73
228,27.36,45,0,player,55.38,37.47
228,27.36,49,0,player,68.03,38.61
228,27.36,50,1,player,60.45,5.45
228,27.36,13,0,player,46.26,55.0
228,27.36,4,1,player,45.97,50.06
228,27.36,63,0,player,44.87,48.17
228,27.36,23,1,player,51.71,30.29
228,27.36,66,0,player,44.58,25.61
228,27.36,53,0,player,42.92,16.58
228,27.36,32,-1,referee,73.35,67.96
228,27.36,38,-1,referee,54.57,31.87
228,27.36,64,-1,referee,42.61,-1.58
229,27.48,33,1,player,62.23,32.83
229,27.48,63,0,player,44.68,48.43
229,27.48,23,1,player,51.65,30.54
229,27.48,48,1,player,60.14,23.01
229,27.48,56,0,player,71.9,31.08
229,27.48,13,0,player,46.44,55.85
229,27.48,62,1,player,73.35,31.73
229,27.48,67,1,player,76.75,45.17
229,27.48,45,0,player,55.46,37.9
229,27.48,49,0,player,68.19,39.15
229,27.48,4,1,player,45.85,50.07
229,27.48,65,0,player,45.29,35.45
229,27.48,55,1,player,43.82,32.62
229,27.48,50,1,player,60.08,5.23
229,27.48,66,0,player,44.36,25.44
229,27.48,53,0,player,42.68,16.86
229,27.48,32,-1,referee,73.34,67.84
229,27.48,38,-1,referee,54.42,32.46
229,27.48,64,-1,referee,42.19,-2.08
230,27.6,48,1,player,60.0,22.81
230,27.6,49,0,player,68.29,39.04
230,27.6,4,1,player,45.75,50.33
230,27.6,62,1,player,73.21,31.67
230,27.6,13,0,player,46.44,56.02
230,27.6,67,1,player,76.58,45.62
230,27.6,33,1,player,62.29,32.31
230,27.6,23,1,player,51.37,30.04
230,27.6,63,0,player,44.37,48.3
230,27.6,45,0,player,55.49,37.97
230,27.6,56,0,player,72.04,30.98
230,27.6,50,1,player,59.71,4.27
230,27.6,65,0,player,44.96,35.32
230,27.6,55,1,player,43.65,32.34
230,27.6,66,0,player,44.25,25.49
230,27.6,9,1,player,42.62,18.71
230,27.6,53,0,player,42.17,16.13
230,27.6,32,-1,referee,73.32,67.73
230,27.6,38,-1,referee,54.23,32.46
230,27.6,64,-1,referee,41.71,-2.66
231,27.72,23,1,player,51.18,30.0
231,27.72,13,0,player,46.77,56.7
231,27.72,62,1,player,73.2,31.4
231,27.72,4,1,player,45.77,50.73
231,27.72,63,0,player,44.38,48.91
231,27.72,67,1,player,76.56,45.47
231,27.72,48,1,player,59.97,22.61
231,27.72,50,1,player,59.51,4.02
231,27.72,56,0,player,72.06,31.47
231,27.72,33,1,player,62.66,32.03
231,27.72,45,0,player,55.64,38.17
231,27.72,49,0,player,68.61,39.61
231,27.72,65,0,player,44.84,35.82
231,27.72,66,0,player,44.11,25.46
231,27.72,55,1,player,43.35,31.14
231,27.72,53,0,player,42.29,17.48
231,27.72,32,-1,referee,73.35,67.64
231,27.72,38,-1,referee,54.1,32.1
231,27.72,64,-1,referee,41.37,-3.69
232,27.84,49,0,player,68.99,39.54
232,27.84,4,1,player,45.69,50.64
232,27.84,33,1,player,62.85,32.25
232,27.84,62,1,player,73.24,31.25
232,27.84,13,0,player,47.02,56.96
232,27.84,48,1,player,59.99,22.61
232,27.84,56,0,player,72.14,31.81
232,27.84,50,1,player,59.4,3.72
232,27.84,63,0,player,44.32,49.15
232,27.84,68,0,player,56.31,18.85
232,27.84,67,1,player,76.51,45.51
232,27.84,23,1,player,51.12,30.13
232,27.84,45,0,player,55.79,38.26
232,27.84,66,0,player,44.08,25.71
232,27.84,65,0,player,44.75,36.01
232,27.84,55,1,player,43.12,30.02
232,27.84,53,0,player,42.26,17.39
232,27.84,32,-1,referee,73.44,67.58
232,27.84,38,-1,referee,54.07,32.22
232,27.84,64,-1,referee,41.26,-3.95
233,27.96,67,1,player,76.36,46.14
233,27.96,4,1,player,45.67,50.98
233,27.96,13,0,player,47.21,57.1
233,27.96,62,1,player,73.26,31.27
233,27.96,56,0,player,72.13,31.66
233,27.96,63,0,player,44.28,49.36
233,27.96,23,1,player,51.16,30.94
233,27.96,48,1,player,60.05,22.62
233,27.96,68,0,player,56.23,18.88
233,27.96,69,0,player,49.98,29.36
233,27.96,50,1,player,59.27,3.7
233,27.96,33,1,player,63.13,32.36
233,27.96,45,0,player,56.04,38.52
233,27.96,66,0,player,44.1,26.1
233,27.96,55,1,player,43.03,29.61
233,27.96,65,0,player,44.67,36.09
233,27.96,53,0,player,42.96,20.44
233,27.96,32,-1,referee,73.55,67.51
233,27.96,38,-1,referee,54.09,32.55
233,27.96,64,-1,referee,41.19,-4.22
234,28.08,4,1,player,45.68,51.33
234,28.08,62,1,player,73.37,31.3
234,28.08,67,1,player,76.27,46.49
234,28.08,63,0,player,44.46,50.33
234,28.08,23,1,player,51.15,31.03
234,28.08,48,1,player,60.16,22.83
234,28.08,56,0,player,72.14,32.3
234,28.08,45,0,player,56.3,38.86
234,28.08,68,0,player,56.23,19.59
234,28.08,50,1,player,59.08,3.53
234,28.08,69,0,player,49.8,29.01
234,28.08,65,0,player,44.87,37.0
234,28.08,66,0,player,43.9,26.15
234,28.08,55,1,player,43.24,29.99
234,28.08,53,0,player,43.07,20.84
234,28.08,32,-1,referee,73.6,67.59
234,28.08,38,-1,referee,54.11,32.82
234,28.08,64,-1,referee,41.2,-4.02
235,28.2,48,1,player,60.22,22.93
235,28.2,62,1,player,73.42,31.26
235,28.2,4,1,player,45.61,51.46
235,28.2,23,1,player,51.08,31.32
235,28.2,67,1,player,76.29,46.73
235,28.2,45,0,player,56.54,39.51
235,28.2,56,0,player,72.12,32.8
235,28.2,63,0,player,44.41,50.58
235,28.2,68,0,player,56.16,19.68
235,28.2,69,0,player,49.83,30.01
235,28.2,50,1,player,58.95,3.42
235,28.2,66,0,player,43.88,26.74
235,28.2,55,1,player,43.62,31.31
235,28.2,65,0,player,44.89,37.17
235,28.2,53,0,player,43.12,21.0
235,28.2,32,-1,referee,73.67,67.55
235,28.2,38,-1,referee,54.08,32.86
235,28.2,64,-1,referee,41.15,-3.94
236,28.32,48,1,player,60.31,23.36
236,28.32,4,1,player,45.84,52.37
236,28.32,62,1,player,73.47,31.37
236,28.32,67,1,player,76.16,47.05
236,28.32,50,1,player,58.83,3.59
236,28.32,55,1,player,43.68,31.24
236,28.32,68,0,player,56.18,20.41
236,28.32,63,0,player,44.38,50.77
236,28.32,56,0,player,72.2,32.82
236,28.32,45,0,player,56.77,39.91
236,28.32,23,1,player,50.97,32.08
236,28.32,65,0,player,44.92,37.33
236,28.32,66,0,player,43.77,27.2
236,28.32,69,0,player,49.79,30.44
236,28.32,53,0,player,43.16,21.19
236,28.32,32,-1,referee,73.72,67.57
236,28.32,38,-1,referee,54.11,33.09
236,28.32,64,-1,referee,41.15,-3.87
237,28.44,67,1,player,76.04,47.73
237,28.44,48,1,player,60.46,23.36
237,28.44,68,0,player,56.26,20.88
237,28.44,45,0,player,57.05,39.95
237,28.44,66,0,player,43.62,27.11
237,28.44,50,1,player,58.81,3.72
237,28.44,56,0,player,72.27,33.25
237,28.44,23,1,player,50.77,32.09
237,28.44,63,0,player,44.53,51.41
237,28.44,53,0,player,43.29,21.56
237,28.44,69,0,player,49.72,30.52
237,28.44,65,0,player,45.26,38.27
237,28.44,55,1,player,44.12,32.39
237,28.44,4,1,player,45.71,52.69
237,28.44,32,-1,referee,73.8,67.55
237,28.44,38,-1,referee,54.23,33.5
237,28.44,64,-1,referee,41.18,-4.0
238,28.56,67,1,player,75.93,47.83
238,28.56,66,0,player,43.61,27.15
238,28.56,68,0,player,56.32,21.09
238,28.56,48,1,player,60.6,23.62
238,28.56,56,0,player,72.35,33.8
238,28.56,45,0,player,57.34,40.78
238,28.56,23,1,player,50.65,32.45
238,28.56,50,1,player,58.74,3.58
238,28.56,53,0,player,43.38,21.79
238,28.56,4,1,player,45.5,52.95
238,28.56,65,0,player,45.32,38.4
238,28.56,63,0,player,44.18,50.5
238,28.56,55,1,player,44.45,32.97
238,28.56,69,0,player,49.78,31.39
238,28.56,70,1,player,42.19,16.88
238,28.56,32,-1,referee,73.87,67.6
238,28.56,38,-1,referee,54.33,33.74
238,28.56,64,-1,referee,41.25,-3.98
239,28.68,66,0,player,43.51,27.16
239,28.68,45,0,player,57.52,40.92
239,28.68,67,1,player,75.66,48.69
239,28.68,48,1,player,60.73,23.68
239,28.68,68,0,player,56.35,21.3
239,28.68,56,0,player,72.43,33.78
239,28.68,65,0,player,45.53,38.88
239,28.68,50,1,player,58.68,3.62
239,28.68,53,0,player,43.49,22.08
239,28.68,63,0,player,44.41,51.79
239,28.68,23,1,player,50.51,33.35
239,28.68,55,1,player,44.67,33.18
239,28.68,4,1,player,45.53,53.96
239,28.68,69,0,player,49.79,31.69
239,28.68,70,1,player,42.75,19.0
239,28.68,32,-1,referee,73.91,67.67
239,28.68,38,-1,referee,54.41,33.83
239,28.68,64,-1,referee,41.3,-3.98
240,28.8,67,1,player,77.99,52.24
240,28.8,71,1,player,76.48,34.94
240,28.8,48,1,player,61.59,26.71
240,28.8,56,0,player,74.37,37.12
240,28.8,65,0,player,45.74,40.43
240,28.8,45,0,player,58.02,43.0
240,28.8,68,0,player,56.87,24.53
240,28.8,50,1,player,59.41,7.6
240,28.8,55,1,player,44.88,34.83
240,28.8,70,1,player,43.64,24.31
240,28.8,23,1,player,50.51,35.37
240,28.8,4,1,player,44.93,53.64
240,28.8,69,0,player,49.68,32.84
240,28.8,63,0,player,44.14,51.12
240,28.8,66,0,player,43.2,28.2
240,28.8,32,-1,referee,75.85,70.07
240,28.8,38,-1,referee,54.7,35.85
240,28.8,64,-1,referee,41.98,0.91
241,28.92,65,0,player,45.84,40.61
241,28.92,71,1,player,76.69,34.92
241,28.92,56,0,player,74.4,37.52
241,28.92,48,1,player,61.76,26.73
241,28.92,67,1,player,78.0,52.15
241,28.92,50,1,player,59.48,7.66
241,28.92,45,0,player,58.25,43.75
241,28.92,68,0,player,56.92,24.63
241,28.92,55,1,player,45.01,34.83
241,28.92,4,1,player,44.96,54.4
241,28.92,70,1,player,43.76,24.39
241,28.92,23,1,player,50.44,36.24
241,28.92,66,0,player,43.0,27.58
241,28.92,63,0,player,44.42,52.54
241,28.92,69,0,player,49.77,32.83
241,28.92,32,-1,referee,75.92,70.1
241,28.92,38,-1,referee,54.84,36.27
241,28.92,64,-1,referee,42.1,0.64
242,29.04,65,0,player,46.06,41.24
242,29.04,67,1,player,78.05,52.76
242,29.04,48,1,player,62.01,26.91
242,29.04,71,1,player,76.91,35.0
242,29.04,45,0,player,58.47,43.89
242,29.04,50,1,player,59.56,7.51
242,29.04,56,0,player,74.54,37.55
242,29.04,66,0,player,43.58,30.45
242,29.04,55,1,player,45.14,34.82
242,29.04,68,0,player,57.08,25.04
242,29.04,23,1,player,50.16,36.44
242,29.04,70,1,player,43.97,24.65
242,29.04,4,1,player,44.86,54.68
242,29.04,63,0,player,44.34,52.58
242,29.04,69,0,player,49.72,33.5
242,29.04,32,-1,referee,76.0,70.13
242,29.04,38,-1,referee,54.96,36.57
242,29.04,64,-1,referee,42.33,0.64
243,29.16,67,1,player,78.08,53.43
243,29.16,48,1,player,62.3,26.88
243,29.16,65,0,player,46.16,41.64
243,29.16,71,1,player,77.22,35.01
243,29.16,55,1,player,45.4,34.93
243,29.16,45,0,player,58.73,44.5
243,29.16,56,0,player,74.84,37.73
243,29.16,68,0,player,57.31,25.65
243,29.16,50,1,player,59.64,7.54
243,29.16,66,0,player,43.55,30.13
243,29.16,70,1,player,44.23,24.97
243,29.16,4,1,player,44.95,55.39
243,29.16,23,1,player,50.04,36.8
243,29.16,69,0,player,50.03,35.23
243,29.16,63,0,player,44.01,52.12
243,29.16,32,-1,referee,76.12,70.16
243,29.16,38,-1,referee,55.13,36.62
243,29.16,64,-1,referee,42.67,0.86
244,29.28,67,1,player,78.19,53.93
244,29.28,71,1,player,77.56,35.29
244,29.28,65,0,player,46.17,41.65
244,29.28,45,0,player,58.98,45.06
244,29.28,48,1,player,62.61,27.09
244,29.28,55,1,player,45.64,35.18
244,29.28,56,0,player,75.09,37.95
244,29.28,50,1,player,59.82,7.64
244,29.28,68,0,player,57.57,25.81
244,29.28,66,0,player,43.75,30.08
244,29.28,69,0,player,49.98,34.81
244,29.28,4,1,player,45.08,55.97
244,29.28,23,1,player,50.04,37.95
244,29.28,70,1,player,44.47,25.21
244,29.28,63,0,player,44.31,53.42
244,29.28,32,-1,referee,76.26,70.21
244,29.28,38,-1,referee,55.34,36.8
244,29.28,64,-1,referee,42.93,0.6
245,29.4,67,1,player,78.37,53.91
245,29.4,71,1,player,77.96,35.32
245,29.4,48,1,player,63.0,27.15
245,29.4,45,0,player,59.27,45.01
245,29.4,50,1,player,60.11,7.4
245,29.4,68,0,player,57.85,25.58
245,29.4,65,0,player,46.44,42.62
245,29.4,55,1,player,45.83,35.06
245,29.4,70,1,player,44.67,24.95
245,29.4,63,0,player,44.34,53.24
245,29.4,56,0,player,75.38,38.26
245,29.4,23,1,player,49.95,37.82
245,29.4,69,0,player,50.33,35.99
245,29.4,4,1,player,45.12,55.93
245,29.4,32,-1,referee,76.45,70.23
245,29.4,38,-1,referee,55.65,37.11
245,29.4,54,-1,referee,43.31,0.38
246,29.52,65,0,player,46.3,42.6
246,29.52,67,1,player,78.45,55.05
246,29.52,71,1,player,78.33,35.4
246,29.52,48,1,player,63.36,27.56
246,29.52,55,1,player,45.93,35.07
246,29.52,23,1,player,50.02,38.33
246,29.52,69,0,player,50.38,35.72
246,29.52,45,0,player,59.54,45.75
246,29.52,50,1,player,60.43,7.21
246,29.52,56,0,player,75.65,38.31
246,29.52,68,0,player,58.13,25.95
246,29.52,4,1,player,45.47,56.93
246,29.52,53,0,player,44.03,28.8
246,29.52,70,1,player,44.94,25.04
246,29.52,63,0,player,44.47,54.03
246,29.52,32,-1,referee,76.64,70.23
246,29.52,38,-1,referee,55.94,37.29
246,29.52,54,-1,referee,43.68,0.13
247,29.64,65,0,player,46.41,42.88
247,29.64,67,1,player,78.71,55.23
247,29.64,45,0,player,59.76,46.16
247,29.64,71,1,player,78.66,35.38
247,29.64,68,0,player,58.41,26.19
247,29.64,48,1,player,63.62,27.66
247,29.64,55,1,player,46.21,35.58
247,29.64,23,1,player,49.79,38.8
247,29.64,56,0,player,75.78,38.33
247,29.64,69,0,player,50.62,36.32
247,29.64,50,1,player,60.66,7.27
247,29.64,4,1,player,45.5,57.08
247,29.64,70,1,player,45.27,25.11
247,29.64,53,0,player,44.15,28.93
247,29.64,63,0,player,44.15,53.16
247,29.64,32,-1,referee,76.74,70.14
247,29.64,38,-1,referee,56.17,37.05
247,29.64,54,-1,referee,44.07,0.04
248,29.76,67,1,player,78.41,56.44
248,29.76,48,1,player,63.88,27.67
248,29.76,56,0,player,75.85,38.47
248,29.76,71,1,player,78.85,35.45
248,29.76,23,1,player,49.68,38.61
248,29.76,45,0,player,59.93,46.05
248,29.76,69,0,player,50.79,36.84
248,29.76,65,0,player,46.35,43.2
248,29.76,68,0,player,58.66,26.42
248,29.76,4,1,player,45.65,57.37
248,29.76,70,1,player,45.61,25.07
248,29.76,50,1,player,60.88,7.54
248,29.76,63,0,player,44.52,53.95
248,29.76,55,1,player,46.19,35.59
248,29.76,53,0,player,44.31,28.89
248,29.76,32,-1,referee,76.81,69.99
248,29.76,38,-1,referee,56.39,37.04
249,29.88,67,1,player,78.38,56.29
249,29.88,23,1,player,49.74,39.54
249,29.88,48,1,player,64.09,27.52
249,29.88,65,0,player,46.11,43.02
249,29.88,71,1,player,78.98,35.46
249,29.88,45,0,player,60.09,46.76
249,29.88,69,0,player,50.87,36.65
249,29.88,56,0,player,75.9,38.63
249,29.88,68,0,player,58.9,26.94
249,29.88,55,1,player,46.33,35.54
249,29.88,70,1,player,45.84,24.92
249,29.88,50,1,player,61.05,7.37
249,29.88,4,1,player,45.65,57.95
249,29.88,63,0,player,44.57,54.2
249,29.88,53,0,player,44.6,29.91
249,29.88,32,-1,referee,76.85,69.75
249,29.88,38,-1,referee,56.57,37.28
250,30.0,23,1,player,49.58,39.73
250,30.0,65,0,player,46.24,43.46
250,30.0,67,1,player,78.19,57.27
250,30.0,69,0,player,50.99,36.96
250,30.0,45,0,player,60.22,47.0
250,30.0,71,1,player,79.05,35.46
250,30.0,63,0,player,44.65,54.25
250,30.0,48,1,player,64.26,27.6
250,30.0,55,1,player,46.41,35.54
250,30.0,50,1,player,61.16,7.41
250,30.0,4,1,player,45.7,57.72
250,30.0,56,0,player,75.99,38.5
250,30.0,70,1,player,46.06,24.83
250,30.0,68,0,player,59.07,26.71
250,30.0,53,0,player,44.83,31.03
250,30.0,32,-1,referee,76.86,69.5
250,30.0,38,-1,referee,56.71,37.27
